path,label,split,sha256,phash,dup_group,is_active,width,height
def_front/cast_def_0_0.jpeg,def_front,val,115e5189d4eeed3d769496159a46a4454d27a5b6cdcf8395fc622d4b365a90de,862b4d9494cc6992,,True,512,512
def_front/cast_def_0_100.jpeg,def_front,train,8a19f9d5a00965180eba4b423109174bee5ddb73354fce221d5ce28e64ade8aa,0769cc96b60c2992,,True,512,512
def_front/cast_def_0_1015.jpeg,def_front,train,5f487998b15c7561410bae41c12b0fab58fab96adc2b23a7f87cf6bf9b27b386,074d8c9696cc6983,,True,512,512
def_front/cast_def_0_102.jpeg,def_front,train,e3a59f3ec620472df9a12c393e45b3279dd26cc38342d6d945e8db26d26a57ff,8643cc9696cc7992,,True,512,512
def_front/cast_def_0_1046.jpeg,def_front,val,bfe77e1c17208e3100d7d267db9c14e1fd3dba17a563fd1eb6124e3d0c509c32,06038d96960c3f86,,True,512,512
def_front/cast_def_0_1053.jpeg,def_front,train,d106f3cb44a014841c29c5af28ef4abcc51f7cccc3904567ab7977e9f50e4662,8e0bcc96964c68b1,,True,512,512
def_front/cast_def_0_1055.jpeg,def_front,train,3e8a7eb33d65002226530f0b953e861e0b2dca0222a0e17e6aed2d49357044a2,b16d4c9696cc6913,,True,512,512
def_front/cast_def_0_1077.jpeg,def_front,train,f59f64b6eebf55bc03c5a26300aeb3ed95e6a117d3a6c0db27ca520ea445a6d3,8e3f571333472387,,True,512,512
def_front/cast_def_0_1087.jpeg,def_front,train,0d0272d2d0fe3032568e1c9fa75a0118c672433ce468e985d89c907dc319b0ee,b3694c9696cc0f86,,True,512,512
def_front/cast_def_0_1091.jpeg,def_front,train,dfebb118f56b863ba1a54c2e5380f435b0521f3bafcffe576207f9cbc4964b75,0e4f8e96968c5903,,True,512,512
def_front/cast_def_0_1104.jpeg,def_front,train,74c467e11e44d8f4862c7b92b4bc988405482631dec79097c0e9d70a50d97b64,92094c96964d2386,,True,512,512
def_front/cast_def_0_1108.jpeg,def_front,train,aa0f7ab1f31e84b791e6d58f0b0c99e6e804fc4b2fb29bf019a37714d0ff0589,8e334c96924e2c1a,,True,512,512
def_front/cast_def_0_1112.jpeg,def_front,val,189773da1a09964eed51db04c570ed0a4d7310caf45e676ae35581026acb4eb9,0f132713130f2f9b,,True,512,512
def_front/cast_def_0_1115.jpeg,def_front,train,c7776d67a55bdb9273dd1af4dbe7e3de13063e381ae4e38880a6a809ea0201b9,8e07cc9696cc2900,,True,512,512
def_front/cast_def_0_1123.jpeg,def_front,train,4fcfd69741024a5f2c7202623c4be34bd233892e1ead0c6175f64aee13096505,164fcd96968c1f0e,,True,512,512
def_front/cast_def_0_1137.jpeg,def_front,train,5a58735f2269b58868e25d14c015e292edeb470bc223c1438b2ff7ce2df01abf,010e0f13130f0f0e,,True,512,512
def_front/cast_def_0_1139.jpeg,def_front,train,3b11c52d46fd549eea3b4be657ec53e8dbb9f5937166511c30a4b78677ba8986,8e1f0f13130f030f,,True,512,512
def_front/cast_def_0_114.jpeg,def_front,train,8e6c63826abd5302279d7a7676004a444d344fb6fe7ff48ca4c1621a19fcd939,86294c96964cf9d2,,True,512,512
def_front/cast_def_0_1145.jpeg,def_front,train,a862c7b46654ae6b717480f3a22867ac98d539a52a0cc57ed9cd657a26447787,72c9cd9696cc4f9e,,True,512,512
def_front/cast_def_0_1147.jpeg,def_front,train,0f428a1a888dbfd71aabd1ff6e2f38b35f832dc5823e8694a63c7a7cb88bd886,87234f1313172f9f,,True,512,512
def_front/cast_def_0_1155.jpeg,def_front,train,a41b37a96171b84c2909e71328773a420785a892d8de0d7724c690d248966305,73cd96b6960c3b9e,,True,512,512
def_front/cast_def_0_1157.jpeg,def_front,train,2c5692db372730ce9a36501b0e0b9a1d9ebae82d1c66c50620016b7de089f043,074dce9292462cb1,,True,512,512
def_front/cast_def_0_1159.jpeg,def_front,train,66561b041641a500f903574e990f4629f7c753b473be2dfdb1007109d842a74d,90f88e96b68e4707,,True,512,512
def_front/cast_def_0_1187.jpeg,def_front,val,2eaef4ec63fae823258abfac316d390380c0043cc6bbc0c67abcc3e758f55032,8e074f97160cbb44,,True,512,512
def_front/cast_def_0_1188.jpeg,def_front,train,32abf2ec52cb8e5e377ad6ca20fd4caf319ed724d678e2a5d4daf069c45dacba,b269cc9696cd2396,,True,512,512
def_front/cast_def_0_1192.jpeg,def_front,train,25867371897e37cc3f724c1216be4f482bfc917c91831313eaca3d9f5262b98e,9e3f1733134f2307,,True,512,512
def_front/cast_def_0_122.jpeg,def_front,val,7993ce24703346efe2757cd1ec17f205cd95e7bb46e7b0ed4b14d6ccff8225eb,df336f57164d399f,,True,512,512
def_front/cast_def_0_1225.jpeg,def_front,val,799bc056167373b3e2647d9092d0995a0e90a759ff71b243dab696bfc2567bbe,0765cc9696ce4810,,True,512,512
def_front/cast_def_0_1226.jpeg,def_front,train,3dd76716020ab82c7c26aaf918d74634e4238c599a1f5887315e85da2d526751,0641cc96964c3986,,True,512,512
def_front/cast_def_0_1230.jpeg,def_front,train,f90ccee8b98ac072c39933c02ad1dff8c79778db7f6ceeed307d82ec9a99e0fc,0603ce9296ce3994,,True,512,512
def_front/cast_def_0_1257.jpeg,def_front,train,a21d270977d0a3ee41359e82fede68e2ee216220ff49e145514bceaade8b06d6,862b4c96964c3192,,True,512,512
def_front/cast_def_0_1261.jpeg,def_front,train,505d83fab224c4555ae6ec4a6b6612da4330068eb968396e66d05c73bb6eff4d,b269cc9696cc2986,,True,512,512
def_front/cast_def_0_127.jpeg,def_front,train,abd9f2af823286504c7c9b154728638c07254a0a787b04dd6c2b1cf38a74723f,9b2cce9696ce4787,,True,512,512
def_front/cast_def_0_1283.jpeg,def_front,train,88d066246558952ac7a59b43c79480e7e64abee4d86df7cbec313449eaae5f32,8e234f96960c38d2,,True,512,512
def_front/cast_def_0_1286.jpeg,def_front,train,da96f004fccf4166a93406e926efdcd887a8cbdb409deb417c55347c9044ad4c,1343c692920e1c9b,,True,512,512
def_front/cast_def_0_1350.jpeg,def_front,train,342508f58a680461b72626c5089ca2a2a8d613d1055f133f57e196cdd85c7b7a,92498c96968c2b86,,True,512,512
def_front/cast_def_0_1359.jpeg,def_front,train,c8c6a2c064e50b75336170ba95f06d3167d0ed91b5d0d46e6c399e6229cce215,66c98eb6b68e4d1f,,True,512,512
def_front/cast_def_0_138.jpeg,def_front,train,476c624eee29a589b1ebeb3ed5ea4fff5171d64d0c935824df50d1d23138a08c,86031537370d1b0f,,True,512,512
def_front/cast_def_0_1381.jpeg,def_front,test,e6e77e5cb2abbb942d643410998c0f3f7041b8790eb66fbac6b85455ee8366a3,0e238f96b69c4c30,,True,512,512
def_front/cast_def_0_1411.jpeg,def_front,train,7e205c12f0c351b7f5712b687f100eb60adb4a84c32cd8d596ea01144aae2119,8e234d96964c9912,,True,512,512
def_front/cast_def_0_1427.jpeg,def_front,test,9a6036b3f41c8781ff79ebf21c1dae5eb8817a721b6618be42e4e53692db211e,0f0f4d1733170b92,,True,512,512
def_front/cast_def_0_1432.jpeg,def_front,train,c139ea8cb87dc587ffa4578a32d1783e171438f9059b26c7116afb164c0139e6,966bcf96964c1f8e,,True,512,512
def_front/cast_def_0_1443.jpeg,def_front,train,9139929b09cd83cd3596154f598f8f86a621434eff1f49bb0a0db3d2a681c546,136dce9696ce6cb1,,True,512,512
def_front/cast_def_0_1446.jpeg,def_front,train,6bba8b241a5f232b0a6462f009f06f20874eed65c3336793ac12296ecb81ce99,9e314753524e2d9b,,True,512,512
def_front/cast_def_0_146.jpeg,def_front,train,0decd2972484429a79fe06bd9c7cb6523f9e6336ec3f9ab2a266abbb0ce3da00,394c169292ce4d13,,True,512,512
def_front/cast_def_0_1493.jpeg,def_front,train,10f7e85a9244b9479696e4af0afe7085a03fc5306b4986d2792db3842e56bede,4f0f0f171707171e,,True,512,512
def_front/cast_def_0_1495.jpeg,def_front,train,04ecd7961f5ca2f2c1f155a16f1646734b99c789b7d98d26ce8d5dbc6b74bd4d,0e034dd4944db90e,,True,512,512
def_front/cast_def_0_150.jpeg,def_front,test,64aeaf3430e791424e8d7b82c8caa5796ed878dc2b04addd1987023787916697,92290d96964d6116,,True,512,512
def_front/cast_def_0_1532.jpeg,def_front,train,6406c0fc1d253a18e9208ebbf790994198f0be0b29063f95e3471d22cb789351,9279cc96964c038e,,True,512,512
def_front/cast_def_0_1533.jpeg,def_front,test,eea10e6134d9281c2238298c43b13b0ba5b8efb5fdd98f0fe25462156daa769e,768f0f17370f0f9f,,True,512,512
def_front/cast_def_0_1534.jpeg,def_front,test,7f200a734fea34d6093515d2dc8d2e1bb1bc38fa5f48a9677e3af5c01c6c7adb,0669cc96964c99c6,,True,512,512
def_front/cast_def_0_1547.jpeg,def_front,train,65402584dcd3bbf4ab23f55db3b25558e7c3791e749e4a3794fdd6d90b8743df,234d8e96960e3993,,True,512,512
def_front/cast_def_0_1567.jpeg,def_front,train,eabeea57a14609581ae2a1c5478cbbdfc859e9e2d0d07bc9854be3d93cd00184,9661cc9696cc3d8e,,True,512,512
def_front/cast_def_0_1589.jpeg,def_front,val,337caa3b5251570640dbace9ca1a6e72f4132f396cbfcbeee8340005b3e16cc5,0e0f0f37371f3706,,True,512,512
def_front/cast_def_0_159.jpeg,def_front,train,3dd23c520774e450b74565d0a8d8ed6e24e595dd8c4686d2ff06b91c061eb58b,9662cd97970f3f8e,,True,512,512
def_front/cast_def_0_1596.jpeg,def_front,val,8f3e1b72c757b727395067bf6c816cb2c4ea308e77d8864b4e36cfb2876cc99a,f7e9cc9696cc1b8f,,True,512,512
def_front/cast_def_0_1609.jpeg,def_front,train,820c600c4e4af281d700417b304253cdc797bf25a6f20408611c051306550145,07132f13130f9b6c,,True,512,512
def_front/cast_def_0_1616.jpeg,def_front,train,b2865dae4301df7438c01990c50597ab6c09d7bb88c713c9b80e9c06e97c2bad,b14c069296ce2117,,True,512,512
def_front/cast_def_0_1658.jpeg,def_front,train,b75d0c70d27fd6bbbe93ac9f7c34c464fa268f0121208b973641739f64c2b21d,62cf8e96968d6b36,,True,512,512
def_front/cast_def_0_1662.jpeg,def_front,test,9d2c906e1dc6470d6ab90a9891c71ec2c93023bb318098d11e20e83c38996f6d,c6b90c1696cc6907,,True,512,512
def_front/cast_def_0_1679.jpeg,def_front,test,8588db80b74012977991d64960f553a30db17dc1ce3312964ace70dbc46ee2e9,064bcc96964c3110,,True,512,512
def_front/cast_def_0_1689.jpeg,def_front,test,1e87b40dbf7e040dab96d304e658c192aa308537295a2930301a207026bdc8a6,0729cc96960c2996,,True,512,512
def_front/cast_def_0_169.jpeg,def_front,test,4b7d95dd9f04d976e5ff90a72cb4854a99024a98de9500915de1c73b53c5e5bb,9c62cf9796cc791f,,True,512,512
def_front/cast_def_0_1694.jpeg,def_front,test,daed9a86dadee7932d97493540d9216bdf37c036ec7abb6aaf1c26221d72d995,87234f1313573f8e,,True,512,512
def_front/cast_def_0_1705.jpeg,def_front,test,89ea683eec7de2b0a32fa3c3381b46851bf14cd61426b5e9c8e31e3b2ab44080,9e171f37170f0f0d,,True,512,512
def_front/cast_def_0_1715.jpeg,def_front,train,8862fa5cf95e4f3218e90371fdd782b05687c38404adcd3ac986d4ab152a98fb,4c1f2f17172f070f,,True,512,512
def_front/cast_def_0_1721.jpeg,def_front,test,d3e800098f9862c8c1e84b5c3137b1289beccc2ba65eff23e109081561da4fd1,0603cd97140d1f86,,True,512,512
def_front/cast_def_0_1729.jpeg,def_front,train,c596800c36bbdab47a4a6f11cac5ebae1da1b7e9a28a7174be60160bc238e535,93390e9296cc6d07,,True,512,512
def_front/cast_def_0_1750.jpeg,def_front,val,0df4ba2404a919140893dc9c1b20f415e6745519593305a95741077ec0d6b664,124cce9292ce4c17,,True,512,512
def_front/cast_def_0_177.jpeg,def_front,train,cd04ea67d254dcfcf85deae02b129ef00ef839d4b876b65f128e2dca48de3fea,0e238fb6360e48b2,,True,512,512
def_front/cast_def_0_1772.jpeg,def_front,test,d1c1a5be3943ce97111b21070d90f73df16b5402ff474d14aa1ad1de2326a080,b06c4e96964e4f97,,True,512,512
def_front/cast_def_0_1777.jpeg,def_front,test,aba94c1ee327fa6ea916ad4c1cfc1a77158e122654e3747ecbd16e5872a5a8c1,a6698d96968c4d16,,True,512,512
def_front/cast_def_0_1794.jpeg,def_front,val,290772affb60727411f817abcf7b41d6ab14a69e6f4bc6af2b960d144e41502d,b463cc96b68c5d1f,,True,512,512
def_front/cast_def_0_180.jpeg,def_front,train,755fba89f4038571782436abf248e36b58dfca9b9f900d4e563ec0d487b0b47e,cc1b0d96960d078e,,True,512,512
def_front/cast_def_0_1800.jpeg,def_front,test,dd194b99b2b026cb8b5d8f6178854b4b4fe08c2129b03d23187b3e034a165508,d2390c96968c2306,,True,512,512
def_front/cast_def_0_1815.jpeg,def_front,train,ae80561a23d0301015e01b0769a09e356f79113278884f47661d792344405a7a,3663cd9696cc0f9e,,True,512,512
def_front/cast_def_0_1817.jpeg,def_front,train,8416bf47e84a91824675d138a3825d419f9afc78e49a4792e413892467a7d13b,a4618d96b68c4d36,,True,512,512
def_front/cast_def_0_1828.jpeg,def_front,train,4ff1fd1b3cc2657be6f5e436c19f9cdf53381fc11bf5e014915105e40608a73d,07078e92968e6812,,True,512,512
def_front/cast_def_0_1831.jpeg,def_front,train,cc1463e16169749829d4f76e6fb16a84cb3210b89b12aab4556b52c326e12e5a,8f3b4d9696cf639e,,True,512,512
def_front/cast_def_0_1849.jpeg,def_front,test,4568c96b05e7929b90ea26369055ae156c6e1e3cbfaee1d4beac86758b58ca4f,0f270f13130f1f8e,,True,512,512
def_front/cast_def_0_1860.jpeg,def_front,train,6a67caf5e9cd77282f4d8d8ef19046d2c57cb70e389a43c9d2d8ecce6e04cf93,72cd9db6b68c5937,,True,512,512
def_front/cast_def_0_1877.jpeg,def_front,train,91131f4737b324adadb7863d241d5ee112007063cf1a2adbaf59d7ee1a2414b9,de314e13122e399b,,True,512,512
def_front/cast_def_0_188.jpeg,def_front,val,9e5c0da5be7a47aaeb3cec1ff7231e317a3a421e3eef71af9f36b04ace97e589,d2394c96d64d2306,,True,512,512
def_front/cast_def_0_1885.jpeg,def_front,test,d96a1ff19b5e817c6b4c81ec544fee5e4c31ddd790be671fc8476c6891e62841,b269cc96964c3b8e,,True,512,512
def_front/cast_def_0_1898.jpeg,def_front,val,aa51f5619cae16cc1ae492c5077d960a51cc5ace9d50fd31fb2e25625b27602a,b96cce9296ce6d97,,True,512,512
def_front/cast_def_0_1949.jpeg,def_front,train,b40300aca37de1dd5fdb394fad4298526efa620a595569ad587a54c90b989d2d,336dcc9696cc4d33,,True,512,512
def_front/cast_def_0_1958.jpeg,def_front,train,31fc70ae15b25845e7dfbacadbe95738d681f9dd9043ad60a3f8aa6e43b721c7,3269ce9292c64c17,,True,512,512
def_front/cast_def_0_1969.jpeg,def_front,val,205a452444ff4b69949eee825593fe5f5d410b76546de034ae3cbaaa71b6f833,92694c96964d238e,,True,512,512
def_front/cast_def_0_1998.jpeg,def_front,test,41e4dc8a735847eed6a205db7c805cfa099b4a1edd5675f6b1c25841d1924256,8669cc96160c3992,,True,512,512
def_front/cast_def_0_2.jpeg,def_front,train,747c6b91f433abb4aecc199954160efa48d8fe34d8f37f2d108f71168d793251,4f0f0f1713170397,,True,512,512
def_front/cast_def_0_2003.jpeg,def_front,train,451b8e7bb0b84d70e89139a0d7d5f876efb9d6c99385cd758373420c9fdb59e8,72cd9696968c3b9e,,True,512,512
def_front/cast_def_0_2014.jpeg,def_front,train,c7430d01c27527627ac0a5b79f4021d72e4c619921ed87985635e0d098a587d8,9d668fb4b41f3f9d,,True,512,512
def_front/cast_def_0_2020.jpeg,def_front,test,d37e790bf777471ff7d48cd1eb3938bdea45f731bdaca4f9bc0bd4653dfd5a03,03438e9292862c31,,True,512,512
def_front/cast_def_0_2022.jpeg,def_front,val,33fa3a5749ede495c4dd3869d1a6572b6c024bb898e8a2b2126f9f76fe84ba3c,974f4e96964ca950,,True,512,512
def_front/cast_def_0_2057.jpeg,def_front,train,df4db75483e673d4d2dd2f125a002bbe0cb1dc3da27354fe18321ed6e3e2f842,86170f17170f0f0f,,True,512,512
def_front/cast_def_0_2060.jpeg,def_front,test,fd9cb15fcbb0b7790279d9d46d15cc2098c4238e99db62b272da5c97cbe4c1b8,912c0e92928e2307,,True,512,512
def_front/cast_def_0_2084.jpeg,def_front,test,1c8a2c355b864512b88cb60d196e8861a011969b77f432c436c2f477ac6c2f2a,9e3f1f33b34f230f,,True,512,512
def_front/cast_def_0_2090.jpeg,def_front,train,3feaef5067e2a7cb78b21254b27307a7a2b2e064a328195888ea5b74ba44f70d,b24dcc9696cc6d97,,True,512,512
def_front/cast_def_0_2096.jpeg,def_front,train,9ef36025d333ed19e778edf6113e5766b70ec53fea9560d6eadac03b253f0221,c6394c96968d278e,,True,512,512
def_front/cast_def_0_2102.jpeg,def_front,test,8fa82193b3dde10bc74d151b4c297e1e0a30a24b8f3c8f98a1a266dbd41db63e,8669cc9696cc49b2,,True,512,512
def_front/cast_def_0_2141.jpeg,def_front,train,4b1e4d014ed37157c781026d9a8dac91ae75620646ff6a327a98b99c66c5ce72,060b1737370d3b0e,,True,512,512
def_front/cast_def_0_2148.jpeg,def_front,train,45d3098cbe159a687032719073d0498890aa956c5fe2837a739deabbff111af2,a662cd97960d2b16,,True,512,512
def_front/cast_def_0_2161.jpeg,def_front,train,04bad7fdd93859477f188bf3ef84593377720e863050b82ee244be5aa56cace4,0e060f17371f1f9d,,True,512,512
def_front/cast_def_0_219.jpeg,def_front,val,2e10d89e99c515b741fbdc7310f2def1455cc9947de4338cf274038a5215cb89,170b1533371d1b1f,,True,512,512
def_front/cast_def_0_22.jpeg,def_front,val,073a6d423ad16ee70a0f48a86d9846e1e4a46853898d1332062d06436bbfdc82,86994c9696cc6106,,True,512,512
def_front/cast_def_0_2201.jpeg,def_front,test,ef49e55946a6d116442d66615e260a6ebf2d262573514e0fb2002b979686044a,c0394c9696cc4d86,,True,512,512
def_front/cast_def_0_221.jpeg,def_front,val,f3d1c85af5d3ecf66918d1201329a96cbd4debc86de212c7a8acf16b6e7eda79,2667ce96968e0f1f,,True,512,512
def_front/cast_def_0_2220.jpeg,def_front,train,5fbb88329c71e93a7c85a36cfa997e0c5530ab484fa35fa8dba836ab2ea59bcc,72c88c9696cc4d37,,True,512,512
def_front/cast_def_0_223.jpeg,def_front,train,49b4f80f8271b6df9206b532e79a305fe3d1c37c476d5af3aea37f7920b873d2,0f0f0f17371f1716,,True,512,512
def_front/cast_def_0_2234.jpeg,def_front,train,b910aa370de3df64d0193e848eb3cc0d23a152681ed2a974e992ee82be4275b8,0472491797cb6204,,True,512,512
def_front/cast_def_0_2251.jpeg,def_front,train,21f1c7d9539f73e70d17e1bd9129cff3158dd11be48ce1b3bdef7aaf8b7a9bdd,17234e92124e2c99,,True,512,512
def_front/cast_def_0_2259.jpeg,def_front,train,4b2a1d15c8f5219c55757ef6a37f3cd6e2d999cd3fdc44357b5aa06ff595b9ee,87270e96960e0b8e,,True,512,512
def_front/cast_def_0_2263.jpeg,def_front,val,a9aaf8cc8a1d83ac656b71f87816670ce08b4cd58d169726b055ed420a72cda3,b669cc96968c6d17,,True,512,512
def_front/cast_def_0_2280.jpeg,def_front,train,fcc5c35f6ac7626f73512363268dce3198628fe4f094dd1d0b5b0df549e8f36f,0603cd9696cc7992,,True,512,512
def_front/cast_def_0_2284.jpeg,def_front,train,28d4b757d67c18989806e6f3985f133cbc09ad7b9f564dea13e5282c29d0e7e0,b269ce9296cc2d9f,,True,512,512
def_front/cast_def_0_2299.jpeg,def_front,train,acfb2e7baac664dc366e177dd42bb56b19348d8623754e031c793ee6cec02737,1f3b0d1737070386,,True,512,512
def_front/cast_def_0_2304.jpeg,def_front,train,ed2548530b1ca95282bac8ae7d3f774d9d63eae97f26e911b46e91ef8eb97814,0f234f1733172f9e,,True,512,512
def_front/cast_def_0_2305.jpeg,def_front,train,7624f2001eb9593eaee18549012c33e4e8da5f28c4ce8ac2e811df9d63abf6d9,8e078e96968e1992,,True,512,512
def_front/cast_def_0_231.jpeg,def_front,val,0006172a170c5ad78c15c309be259f7d99fccb52f02539cb72ab27ce1c75703f,72e99eb2368e5d17,,True,512,512
def_front/cast_def_0_2310.jpeg,def_front,val,d1d7b8f635faf64387beae37947937fc2ae5b2f0faa5578ddec2f51ca56a6890,92694c9696cc038e,,True,512,512
def_front/cast_def_0_2320.jpeg,def_front,test,09301dfbf8b177e7703c9369a048f407a3b8704133313d2b100c1a2d0bf69978,9661cc96964d338e,,True,512,512
def_front/cast_def_0_2330.jpeg,def_front,train,45d8d5120fb7d075f9f0da2463785a8241dd9bb2332fafadd2e2451cb34052b2,96394c96968c0f07,,True,512,512
def_front/cast_def_0_2358.jpeg,def_front,train,bffbce4d660f5b73baba4a4b0e5912ebfce6e790f1fad119141bb1649fee2d79,d76ccc9696ce4d17,,True,512,512
def_front/cast_def_0_238.jpeg,def_front,train,63eddf293a6cdfc75c759a8bce59c4f6c62686f3737db0d8e5b0a2dd14457926,86170f17170f0f0f,,True,512,512
def_front/cast_def_0_2388.jpeg,def_front,train,3f946e4493bfe25c2ee322184b204c767c87dccaeb25d664e054870671790bae,9b290c96960f2387,,True,512,512
def_front/cast_def_0_240.jpeg,def_front,val,bf9f7f9c99fdfb1b8907bd302b8e31876d7f0b92fa9abbdbbb324049397bff7c,064bce9696cc7992,,True,512,512
def_front/cast_def_0_2422.jpeg,def_front,test,8251164ada6c710f0cfe97110f066c9ff749335230f430276a04c755180c9da5,264d8cb6b69c5932,,True,512,512
def_front/cast_def_0_2426.jpeg,def_front,train,8e5634cc44a64d87c684d64c63f8b7b06a111fa1da9d4dbd001a1a75203954c4,9679cc96944d338e,,True,512,512
def_front/cast_def_0_2437.jpeg,def_front,val,d797444b7b9f1429e6dcc46e5db02d45531499e0d3714842a263723b0ffd4047,72cd8e96968e2d37,,True,512,512
def_front/cast_def_0_2450.jpeg,def_front,train,26548aad811d4b1f0e58db78462054ef3c8b36fca01d65f920b6119736920078,174d8e96968e6890,,True,512,512
def_front/cast_def_0_2474.jpeg,def_front,train,88fa19f26f44eeca30e9d6b8d041517703ab3303b4b9699e4871ae11bf2c7f30,1f1f1b37370f16dc,,True,512,512
def_front/cast_def_0_2480.jpeg,def_front,train,ccb00eed0f9d76c4318eb441f3d2cc4871e8e65800604c7ebe7fd86da0d2d943,b66b4f16564d3997,,True,512,512
def_front/cast_def_0_2483.jpeg,def_front,val,763a167a27c08478dbe3fcac8c49b68499c5ed3921717cd706ca7094892d166a,16638f97160c3bd6,,True,512,512
def_front/cast_def_0_2485.jpeg,def_front,train,bfb7d7e4647381362aafa0d0428aac3f0f5b1181cd334a372d80eaf7208509d1,36638fb696cc691f,,True,512,512
def_front/cast_def_0_25.jpeg,def_front,train,4ca897ece7b7688565a375f588fb0305ce6a74cb8df74fe7fdb7dda99be2343a,8f0f0f37170f8f76,,True,512,512
def_front/cast_def_0_2515.jpeg,def_front,train,15b7245c8110f13f6a40e2e59507934031aac2f8e405e3474823b61e33aaa2fe,8f234c96964e299a,,True,512,512
def_front/cast_def_0_255.jpeg,def_front,test,63fe0760483db0821969648928e6b502846754d8f93635b5c449bff4c3d10518,b94dcc9696cc4916,,True,512,512
def_front/cast_def_0_2576.jpeg,def_front,train,084f73a82e8fa49828f2e69ca51678d91c95b4ec74840eba37b96e7df584164c,4f0f0f131307139e,,True,512,512
def_front/cast_def_0_2582.jpeg,def_front,train,4605032e22e4541808bba7e30b674a2a567601600d53069f853e37cb18291179,36eb8f96968e2b16,,True,512,512
def_front/cast_def_0_2592.jpeg,def_front,train,4a0dc7c2f2201479e76e9b9118cab65920b7289e2a086377e6a910ca9af2a3f4,074d8e9696ce68b1,,True,512,512
def_front/cast_def_0_2614.jpeg,def_front,val,1a5ccddc4f4c972cde827488ed9d4d8b6826bcbd19faf52b26639e7f1c719f7c,9a198c9696cc0f07,,True,512,512
def_front/cast_def_0_2624.jpeg,def_front,train,b21edcf492125486999c362be79cdd239297829f057ca49ba746b63c38f2d3c0,314c9eb6968f238e,,True,512,512
def_front/cast_def_0_2639.jpeg,def_front,train,10aa31667dce8fc69ecc198b019b1a62b20f30e9590c1cb0e9a1e3b9a3a96067,b2e9cd9696cc4d17,,True,512,512
def_front/cast_def_0_2640.jpeg,def_front,train,7ffbe30eaeba8ed7505bc15a4d76a2cf502e16296b2dfcd3f1e828be6e8a2ea1,1e67cd96b69e1f0e,,True,512,512
def_front/cast_def_0_2649.jpeg,def_front,train,8c64fb330b2982117ee305248148b2203a81d768d50c59a18361ccffd34a4e0e,9c2b4cd6d64c2f8e,,True,512,512
def_front/cast_def_0_2654.jpeg,def_front,train,89aa2a466e5fe50eb8503910b9791e78435772b6358a8e4cf554bcf735697600,deb16f17162e399b,,True,512,512
def_front/cast_def_0_2663.jpeg,def_front,train,6dbe1c287418e868b163407f049aea5a89e42f269ecd2fb08a707b5d7d5caba7,0f270fb733173b1e,,True,512,512
def_front/cast_def_0_2683.jpeg,def_front,test,83674e8e3b4360dd327a2332e5c256a393d6d45f359887b60aa66266ec5a27c3,174b8e96960e3c90,,True,512,512
def_front/cast_def_0_2690.jpeg,def_front,train,db8c114a44905d43b12c4b775f36ff31963a9b9fc44c0d9cd1de346703f78fa8,b60f1733170f2b0f,,True,512,512
def_front/cast_def_0_2691.jpeg,def_front,val,7f0208bf0409a1f0c34ef20d2e151f24df69ca1fa20007b5d7b1f18ea012d399,ef6bcc96969c0f1f,,True,512,512
def_front/cast_def_0_2700.jpeg,def_front,val,bd09345c3a4b422e7e6c36d41bfc3cfd59dd5dcbb0cfc16778d6c170e640b70a,86194c9696cc078e,,True,512,512
def_front/cast_def_0_2701.jpeg,def_front,train,0b33f05f2541e92de4b3fbfb71606e5d6fe7b73b2c6d2eecf4eac80200192064,33191d93938f6323,,True,512,512
def_front/cast_def_0_2708.jpeg,def_front,val,1ed7fc0d9dd0c135352af7528e121f6e11bcfd22ad7b5b45ff9b94471a390f96,174dcc96964c6810,,True,512,512
def_front/cast_def_0_2733.jpeg,def_front,train,91ed1f7efd9f3f36c53becbeef85c89d0bdaffad76c4bcc9d4ebd022d78c596f,b2698e96964c3386,,True,512,512
def_front/cast_def_0_2745.jpeg,def_front,test,3bf4dcacb3a94a054f17557c3a46b54ffe3ca33747b066e3be44c2637ed179fd,0d4f8c96968c1d1e,,True,512,512
def_front/cast_def_0_2753.jpeg,def_front,test,4f70e6b9977918948a8f25d3b6fa94500e601fd25575467de0a8a8d145ac72e6,9a280e92924e2386,,True,512,512
def_front/cast_def_0_2798.jpeg,def_front,train,d96af5eb436e1da94f2b5bf97e2f7a914ed243f12cb458220d56b95e9a8a6a99,0c0f0f17371f378e,,True,512,512
def_front/cast_def_0_2808.jpeg,def_front,train,1bc3e381be762a0d945deb881b297f6b58e493a2280e05dc36cc5723ad502157,9a390e9696cc2317,,True,512,512
def_front/cast_def_0_2820.jpeg,def_front,train,074d8d5f500d0313dedb88cfc151dd0c859c84970cd3f8c142281b1c2f1854da,b667cf96964f1f8e,,True,512,512
def_front/cast_def_0_2832.jpeg,def_front,train,69670cd51ec2dd02208ad4a54746177424916c942e9de8ac1720e6b0adc03fd6,9679cc9696cc438e,,True,512,512
def_front/cast_def_0_2834.jpeg,def_front,train,a2909ca2c5b806cb463c6e7f7ad5f9c24d6ae221ef93cf61bc75d7cbf893c1de,8f170f17170f0f0f,,True,512,512
def_front/cast_def_0_2837.jpeg,def_front,train,5bd36da2553d74c904ac28f8274b7b25a3426575742647f101ee22eb665492ce,170dcc96964c4992,,True,512,512
def_front/cast_def_0_2855.jpeg,def_front,train,7cc6a7bdd3bf11e8e39dfe3b45b720c9d7a8a86ab2e9d11f72ee3f4357c87745,330d372217490f0f,,True,512,512
def_front/cast_def_0_2887.jpeg,def_front,train,0185a2d12a4b14207590e51061ffd4e3a64541b015956417a79e6fc26bf1f6f3,6c9b0f13132f1307,,True,512,512
def_front/cast_def_0_2892.jpeg,def_front,train,70cd832bc454a1021ac91c132c2c8f44372c2cc5bdc8b1d87d5202d8c783ed21,b06c4e9696ce4d33,,True,512,512
def_front/cast_def_0_2900.jpeg,def_front,val,4c30c1d59d6f1e05ed21c696ad92712552566d88831541e8cbba89739367d408,07698c96964c3992,,True,512,512
def_front/cast_def_0_2917.jpeg,def_front,val,35e4daf29321679813ff4cad6bae01c9b98ab9dda986f162fbafa420f2047659,3269cd9696cc398e,,True,512,512
def_front/cast_def_0_2937.jpeg,def_front,train,474ea7c58e183f937bbc145f36f520e89a127638b68caa259c77d526d287dfc5,8e2f8e9696ce1b1f,,True,512,512
def_front/cast_def_0_2950.jpeg,def_front,test,4bc628bd06a61fad4973ef435cebace99654c046873e6851ed5a65a89767766d,0d170f17170f0f0d,,True,512,512
def_front/cast_def_0_2966.jpeg,def_front,train,6dea05320b38617ea28baae034132c90ccee62c0a0f6c19fa849cb3969918584,92294c9696cc6106,,True,512,512
def_front/cast_def_0_2973.jpeg,def_front,val,7aa25fd3aab1dfae5192c94530ba19d174c62d8190b92eaed237e319721c9dac,04320b15978f6b26,,True,512,512
def_front/cast_def_0_2994.jpeg,def_front,val,446ec7d098a4bf8137dc6fb04f5c1ea1d500d75bb77fb456191399fdda839604,1f3b0d3733170387,,True,512,512
def_front/cast_def_0_3010.jpeg,def_front,val,ef6af04f1e3aa40e9cd951be38182608ea4b7db873435d4b7b3d911246a443f3,72c98c96968c3d9e,,True,512,512
def_front/cast_def_0_3016.jpeg,def_front,train,1175214c34c638566748e9bd2e134c3713d92dbfd12702814f6d0f93712a9bae,1749ce96968e6999,,True,512,512
def_front/cast_def_0_3050.jpeg,def_front,train,cbc4772a87b2537df6810ba96cc5b115b500c5575d246323b6dd9400ad570b90,cf0f0f1713070396,,True,512,512
def_front/cast_def_0_3056.jpeg,def_front,train,0e129a83c13281fa563f1bafd1bf0efff8d2577249139e36ae21d34cc336569a,164dcc9696cc69b0,,True,512,512
def_front/cast_def_0_3070.jpeg,def_front,train,457b5550f67c3011d665f0345bfc7d2cd2d53f5632c2aff504f00a1879f9088e,9b9d0e9292462397,,True,512,512
def_front/cast_def_0_3074.jpeg,def_front,train,e0e49389d64067e58c2541fa91b0fc536cfa02ab3d0cbc15ce35b932a26145cb,860b1737370d2b0f,,True,512,512
def_front/cast_def_0_3098.jpeg,def_front,train,dedec787942988c16644a5b591b595e454e88e0d799fbcd79873a2fc3c67e562,9e334f57164d2993,,True,512,512
def_front/cast_def_0_3104.jpeg,def_front,train,31cca44d40f1e8299e2cb8d25ceb4c49cb5b1889a5cf31d68ad02f409a4917ba,32e88c9696cc6917,,True,512,512
def_front/cast_def_0_3105.jpeg,def_front,val,594ef0d93f6fb880fd6da63958225bad2f9ad61bc5dce6e0916100cc02e18f23,9e3f1f37170f270f,,True,512,512
def_front/cast_def_0_311.jpeg,def_front,train,8b74b151c7745ab979a3ebfa6cda18749c2cd854262850d2b7350b5bf7ca06f0,97130713130f0f4f,,True,512,512
def_front/cast_def_0_3114.jpeg,def_front,train,1e5665395ac982c76c7733b46885bab2fe98c5337dc7f460c239ce8701220d28,304c469296cc6d17,,True,512,512
def_front/cast_def_0_3136.jpeg,def_front,train,b0cb4b0426988b9cc58e0d934f85fd514e74545f242cf713423bc7e26c6df373,86294c9696cc4906,,True,512,512
def_front/cast_def_0_3148.jpeg,def_front,test,6293285821348317e678a033c4d07f862d85197afa6543c384553e3d542bf5d0,92794c96968c430e,,True,512,512
def_front/cast_def_0_3179.jpeg,def_front,test,9dbea1b67a8c9304ccd929953e195f1f69fd7ddcdfd9eb875ad94f84461d0185,8e0b0f96969c2f07,,True,512,512
def_front/cast_def_0_318.jpeg,def_front,val,74fd786b6fd1788d6e2d7c9cfb3c227d3661045545a8bc7e6bb7d2fd542b46c0,b669cc9696cc4916,,True,512,512
def_front/cast_def_0_3185.jpeg,def_front,train,a4ca275a574fb35688f372406543bf7e5ad8db012e8bc99af741e011bd838f41,1239ce9696cc0386,,True,512,512
def_front/cast_def_0_3199.jpeg,def_front,train,e3031e0369afde71fc9919a6d7cc9d46b4941e49e34f010bdfd5abeaaf49400b,86034f96964ca9d2,,True,512,512
def_front/cast_def_0_3220.jpeg,def_front,train,5fb2f365927a121a34b71e430499a0f9e27a7bd569d36a5ef0de909b1f0f2d7a,b462cc96964c3f9e,,True,512,512
def_front/cast_def_0_3223.jpeg,def_front,train,d1b7ed1b1419d7189bb23b4b899a809351922f3c5504bdee76293492cec062c2,c439cc9696ce0386,,True,512,512
def_front/cast_def_0_324.jpeg,def_front,train,9dd558feae02ded20166cb4b0c41dc1d667bc15ed443a7d48b50199fdf4492d4,b0688e96968e4d33,,True,512,512
def_front/cast_def_0_3246.jpeg,def_front,test,14eae646dba5f75871222edf5f677264ab348fb19f3c9cf10b7e56bd0414b7ea,134dce96964c6990,,True,512,512
def_front/cast_def_0_3252.jpeg,def_front,train,9c77e4cf4fe520328a91b6733bc05b818bbfd41972373deaf858abbaacb19a96,8629ce92964e79d2,,True,512,512
def_front/cast_def_0_3265.jpeg,def_front,train,c1d7481ef5ab1f810f3cb248fb56d510821bc3baccad77ff8a5df06b8b72ea30,864fcc9494cc3986,,True,512,512
def_front/cast_def_0_3279.jpeg,def_front,val,a309147b5bd5be6c5b5b60ef2c1173343eb529b8c6520eae9380813767f82ac9,a66d8e9696ce4d37,,True,512,512
def_front/cast_def_0_3285.jpeg,def_front,train,2edeb314fee23eed664ff1f1cc0f925f162592fef561763eb70c44ba03b2b3ba,07031733370d3b1f,,True,512,512
def_front/cast_def_0_33.jpeg,def_front,train,4c732a749e07cd4f0bdef632ce5de6f95c7646e3ee248187c04be65c6c84d2c9,734dc49696cc6997,,True,512,512
def_front/cast_def_0_3311.jpeg,def_front,train,957597ebb7c86beefb5750c996773edf4211fc459167fa02b37ec104d83cc9ed,324d9cb6968c4907,,True,512,512
def_front/cast_def_0_333.jpeg,def_front,train,b0478c0feba1775c5fbbe49e9600b1ab1bcf9b35287a12e55d9184a8b9afe53b,16290c96964d0386,,True,512,512
def_front/cast_def_0_3334.jpeg,def_front,train,3e7093562da95dbca6d0033215021d64b831f813c2f2fc2e13c17b31db0bfef8,9269cc9696cc4d16,,True,512,512
def_front/cast_def_0_3341.jpeg,def_front,train,85038cd165540fbd26b79af3eb3c6508940c4335f8810fd8ea6559bf797b43e5,9279ce92964c3186,,True,512,512
def_front/cast_def_0_3344.jpeg,def_front,train,474b35514ed34b260e326b28fc02d16e58315045dc06687b238721d5a4f2494b,3667cd9696cc491b,,True,512,512
def_front/cast_def_0_335.jpeg,def_front,train,ea7697198d19af79b4b4dce1d984de32ad43d18c13135fa2e36149a44f14b11d,87070f37172b171d,,True,512,512
def_front/cast_def_0_3354.jpeg,def_front,train,070e198ec93cc4088335dd093ba58401ace51d8dee39fd08a75f89d9ab8c39b3,1f139935370f1396,,True,512,512
def_front/cast_def_0_3362.jpeg,def_front,train,f3123e0a40e4c4d4c3ccdf8e920da3ccde29aadd8876e9ff3bfe6947b779038b,9f3b4d17574f23de,,True,512,512
def_front/cast_def_0_337.jpeg,def_front,train,592d29dacf9af5177ca81eaa0f31893b76d8aaabd98a1d1899429fa205a0186d,b06cce9696ce6d33,,True,512,512
def_front/cast_def_0_3394.jpeg,def_front,train,e39e6041cf707eeafabefa602a8614145d17746cbd150ff7286de4da72efa35f,326dcd9696cc3d9f,,True,512,512
def_front/cast_def_0_3396.jpeg,def_front,train,e1cfa384bf179b738f4c633be93d151472121e9191860fe2d0cb8743b7c9e50c,96494d96d44d3992,,True,512,512
def_front/cast_def_0_3403.jpeg,def_front,train,4519ebf5ad5c0436013f4ebc52667058c99670c4984222b9d2125185e95d3ee8,b6cb8d96944d338f,,True,512,512
def_front/cast_def_0_3431.jpeg,def_front,test,102c40c37c5eca9bb3f1542588b9a82ba4cceb69f67dc147c999040942d34e0c,0e234dd6964e0c92,,True,512,512
def_front/cast_def_0_3434.jpeg,def_front,train,3c0b38b5493a61357ba6f2400ac7ee2bf0d588750518717547c249b8ce11fc3f,234dce96964c1993,,True,512,512
def_front/cast_def_0_3454.jpeg,def_front,val,da99308c9a78a19189a0581b6eadd6f2f0baf536617dc58055e7e880f693b29d,8e070f37170f1b0f,,True,512,512
def_front/cast_def_0_3457.jpeg,def_front,val,e039b1970ba528074b67d512c3703812a896b8ec7a5ad90852039790bd8dd638,07070c96b61c1db3,,True,512,512
def_front/cast_def_0_3460.jpeg,def_front,train,af8333020f69ebf85c0c3daa5db974e357299f2f1e0ca8299680d3ff4071d275,8e030f37370f3b1e,,True,512,512
def_front/cast_def_0_3480.jpeg,def_front,train,bdd5cd682efbfd2ff46ff58b58eab6cd5a836d1f35656a3a4664c62d7f72aff3,072347b3b3573f1f,,True,512,512
def_front/cast_def_0_3487.jpeg,def_front,train,9fb7b5e122707182d0b0f4decdd87b1358f65e5b90418daf43566859222e93bf,deb36753526e39df,,True,512,512
def_front/cast_def_0_3495.jpeg,def_front,train,a7db196299ae0fdde0728d14e86db1b3eeb9a0ab3ca215f0aeb93ff3a198c299,87614e92964e398a,,True,512,512
def_front/cast_def_0_3513.jpeg,def_front,train,a6b7ebb07d2d691c82464569cee08514bcdd26b021e6ec17f6dd039d17934c73,36e18d96b68e4d13,,True,512,512
def_front/cast_def_0_3536.jpeg,def_front,test,68c935be2ec6b6c895051f5f37c16a43ff588b4937801dea98c5f0e816d3506a,b469cd9696cc4d37,,True,512,512
def_front/cast_def_0_354.jpeg,def_front,train,e8a85275fab73aa81272bc8d2d07b8d283816ddee524ecbe263664d9d8c3a132,86798c96968c4106,,True,512,512
def_front/cast_def_0_356.jpeg,def_front,train,ebc9665acf3daa5a3f998f06909727a44f283dad21305bdc3ceb614effaae111,9422cf96160d1f8e,,True,512,512
def_front/cast_def_0_3565.jpeg,def_front,train,2dc2354f1228c36b8e32d885734ff7f63805c05a2d4821be132384a9ee378bf1,d6394c9696cc0786,,True,512,512
def_front/cast_def_0_3569.jpeg,def_front,val,3d4b9a6773a86378fe7bcd378eb27d5e7e600065f4402c31d5b6ec9bbb4d471e,07031732320d3b1f,,True,512,512
def_front/cast_def_0_360.jpeg,def_front,train,31fb52e9fc924a297562997ad0d59405d42e64f458518973fcfbc14033b2e925,cc174f97964e1f8e,,True,512,512
def_front/cast_def_0_361.jpeg,def_front,train,165ddfbd2ed1114323eaf937b5499cbe7a3f25389412c6ed047609c132900d45,86078c96964c7986,,True,512,512
def_front/cast_def_0_3617.jpeg,def_front,test,ee6731478a26d5a2a6dd36cb8645b43da297e54ffd5f56b7b29a927e74611268,1e3f1733174f2307,,True,512,512
def_front/cast_def_0_3618.jpeg,def_front,train,c386e9cf2f3b092a3475f873bd652385dfc38bd3d96a9b0516a074fb1c70a2ad,9e3b0f13134f330f,,True,512,512
def_front/cast_def_0_3626.jpeg,def_front,test,7b7aab18e5f929a939ab23e3091dda02d60861f068c8aca5a943ee14d81b4c8a,863f1f37170f0f0d,,True,512,512
def_front/cast_def_0_3631.jpeg,def_front,train,33719c8e593ece15d8a3d7c51f1a6720b5d2195ea52cbaf484d448d8f2593934,963b4dd696cc69b2,,True,512,512
def_front/cast_def_0_3646.jpeg,def_front,train,5eea0cbe38b844d59a35b13da3b2f920ad2ad34b29c5c1ba301fd2fb90aab4e2,12394c96d44d030c,,True,512,512
def_front/cast_def_0_3680.jpeg,def_front,train,94749612a482d9fd2fc7b58e77b518e4939cf81b2242bbcd45d735b2f2b6b1bc,8e238f96b69e4c31,,True,512,512
def_front/cast_def_0_3685.jpeg,def_front,train,50c9d7ef311a17d4198c7975e47635e6f9b7a9dfb9f09613b60df6873dd2b89f,92384e92928f2386,,True,512,512
def_front/cast_def_0_369.jpeg,def_front,train,9bd2b33e9a7552e06ca37e1e9de6707b2a3147f9bbd09235771dfd6be1fc6c54,b2694cb696cc430e,,True,512,512
def_front/cast_def_0_3691.jpeg,def_front,train,48c746c965d80a4dba5f5f28d61e3755753ca530deb71c050731ee9d41b260a5,810e0f17130f0f0e,,True,512,512
def_front/cast_def_0_3703.jpeg,def_front,train,6710a6c30ec18b4b978e32712458281c60f3770792ecef8696bc0767b22cab92,0761cc96964c2993,,True,512,512
def_front/cast_def_0_3704.jpeg,def_front,val,f207712b6f2185b8f929325c5a364a716c8a8512a07ad765634bee5c498af2e8,b269cf96960e3b8e,,True,512,512
def_front/cast_def_0_3710.jpeg,def_front,val,072785bb0a11617400632b51fadc78cc0dd1f7dd8e924bfbf96c03a8c5218c40,310c96b6964f2386,,True,512,512
def_front/cast_def_0_3735.jpeg,def_front,val,65889f2034d75fae011912bfa0713b14396910e6b7316a84d0b08820dcf9f225,72c98c96968c6d17,,True,512,512
def_front/cast_def_0_3741.jpeg,def_front,train,83f1707710c71338d331454d1e302730de79462717631c63337363ebdc1fd3cf,82311d92b2874306,,True,512,512
def_front/cast_def_0_3751.jpeg,def_front,train,610162aeda9a93f15c1c99042c1424d53255a44c6e45b56366f727d6b19f1845,8e17069696c63304,,True,512,512
def_front/cast_def_0_3756.jpeg,def_front,train,3eb32178803be8e7726ea66aa69deceda7c7334904ae9fd414d55f60b1442045,0fcf8c96968c1d1f,,True,512,512
def_front/cast_def_0_3793.jpeg,def_front,train,f9e0c3fc3113b6fb09f4edeb608961857a0ee5804e7e222b78960ed68e1e9b9d,62cf9eb6968d7b16,,True,512,512
def_front/cast_def_0_3796.jpeg,def_front,train,c4ab7bf2fc84516f46ff4fbfae946f2aab6cdc2d28e74a7125b0ca17c3610c63,b268cc9696cc4d17,,True,512,512
def_front/cast_def_0_3797.jpeg,def_front,train,bcff529478f9523d3bb459176678ea602c727f5296d8bb2f12251558309a4b23,a663cd9696cd3b9e,,True,512,512
def_front/cast_def_0_380.jpeg,def_front,train,acf0b5cd48c7f22ef88aadc5a393d76548d83aa7ac7426285fd755df28a158cb,862f4e96964e0b1f,,True,512,512
def_front/cast_def_0_3812.jpeg,def_front,test,ca04335fcb65f2c758d157df708c375705fba4d68dc33737dd1fcc5a118c791e,374dcc96960c49b1,,True,512,512
def_front/cast_def_0_3818.jpeg,def_front,train,903dd8723b1d064ceb666eaec420be94d1295e9336210388999f20d4b3f2878c,b462cd96960d3b9e,,True,512,512
def_front/cast_def_0_383.jpeg,def_front,train,06ced41be54aaffb44d1d9da89e865e39acdf67cefb383872a94566b83cb4b85,8623c692920e1c92,,True,512,512
def_front/cast_def_0_3831.jpeg,def_front,test,f085f85038e1f46d1f3e74b2794bb27e9504642b01117b8d03fb005d293acfbe,b2694c9696cc0f86,,True,512,512
def_front/cast_def_0_3855.jpeg,def_front,train,e4c99adb3ac5e062eb1ebcf6a7b3b18f496f10cc52657170f3bd39daac763fbc,d43b0c16974f238e,,True,512,512
def_front/cast_def_0_3856.jpeg,def_front,train,98490959c77da744fe1e441c858e03a1fd9ea9bc83eabb64f70d6cd93ccb22fe,07234f13130f3bdc,,True,512,512
def_front/cast_def_0_3867.jpeg,def_front,train,92f797c2995c40694ddf0ffc657ff7139912a24965f7a856199dca900810d3a3,70c88c96b68ccd33,,True,512,512
def_front/cast_def_0_3869.jpeg,def_front,val,6beb39f5ce70a9cf095903411fddaeea8f586c65e3ee429143d6efdaff887609,72cb8d96968c4d1e,,True,512,512
def_front/cast_def_0_3882.jpeg,def_front,test,c2eee97e4cf6ab53edd982a197c6688a1af3160890937db3a1054af04120d771,90794e9692ce2d87,,True,512,512
def_front/cast_def_0_3894.jpeg,def_front,train,0915cceafe92e888a07cc2403fa384531d012c2d27708b5d9eecb63564356626,8761ce9696ce68b3,,True,512,512
def_front/cast_def_0_3916.jpeg,def_front,train,fb8c814dee3b928405ae075e1df549cb35974c68b67be6e569fadd7c2999ec9c,a6638c96b68e791f,,True,512,512
def_front/cast_def_0_3945.jpeg,def_front,train,93b2675a11de529eeba11e507745d7c2f29c814910332ee23f8466036c894ebf,62cc9eb6b68ccd33,,True,512,512
def_front/cast_def_0_3949.jpeg,def_front,val,cadf780cddc0b4c387d8a3550be8c9c0f320c28e70fc301642f45311a9e63cd4,a46fcd9696cd1f8e,,True,512,512
def_front/cast_def_0_3963.jpeg,def_front,train,8fbf58b52a7d9c59b699e0fdbc220fbc1c66ee618b93f032dd7fc4d6a71573a5,72cd8692960e3b9f,,True,512,512
def_front/cast_def_0_3970.jpeg,def_front,train,533b7d705459f3a77117ed4b3aaa77076909f70a4c383952d5e5568d64c8f823,76e98d96b68c4917,,True,512,512
def_front/cast_def_0_3978.jpeg,def_front,train,c7d131efe3df333db70c06ef99e7983c52b29dff2c17695d19aa0c8ac62bb920,84070f37370b370f,,True,512,512
def_front/cast_def_0_3989.jpeg,def_front,train,8ed0ad83d3c191e65a8d787639f0989b49bb727e1b9f90d691158474dbfc5819,86230f96964e2996,,True,512,512
def_front/cast_def_0_3992.jpeg,def_front,train,45c317ef1d911edac80f602090d223c1c4d5bc5d933435883418411bf89f6090,b269cc9696cc338e,,True,512,512
def_front/cast_def_0_3993.jpeg,def_front,train,69b0bf9697ff0d8e8722b27f5f71e7ae6147694984b19276238561c67804c037,b26dc69696cc699f,,True,512,512
def_front/cast_def_0_4017.jpeg,def_front,train,120025ff4fe74256b2c72716e75f400d79d22b91fff7f50a190a614b528fc45c,461b0e96964e038e,,True,512,512
def_front/cast_def_0_4023.jpeg,def_front,train,ac35b04dbe369d77b4578e242b22fab29ffd1cb8a9c4a1df4a89e6fabc2231e5,96339c96969f178d,,True,512,512
def_front/cast_def_0_4026.jpeg,def_front,val,6232f94085e05650e569fcd53d1f64fe4becd7eb9de9c2baf585d9480a5cae0b,06234dd6960ca982,,True,512,512
def_front/cast_def_0_4030.jpeg,def_front,train,699e4d353220ddd1564e2f869c36d5a43c5b1ee5d68f353e93da470e9b8b005a,9279cc96964d338e,,True,512,512
def_front/cast_def_0_4032.jpeg,def_front,val,64327109f8b2ce781a89d499da45e0d39082eb28e174422f30a7bf7353a58298,bb390eb6b64f73b6,,True,512,512
def_front/cast_def_0_4034.jpeg,def_front,train,735a74bf08424cffed871fbfb05bd0182d97191bd1a10b1779200ff2267917cc,32698c9696cc799e,,True,512,512
def_front/cast_def_0_4090.jpeg,def_front,val,d492467183e618473192c5a2cb88496f1f762f2165f5de2d2af2c42b4d09e4c7,b66bcd96974d6b9f,,True,512,512
def_front/cast_def_0_4093.jpeg,def_front,train,d42557c838f2a2f509aabca6e5dffdaebc319476f224173b3ebff7834e669a07,9b1c0e9292c64313,,True,512,512
def_front/cast_def_0_4106.jpeg,def_front,train,ffbe7d16f81c2b8eaedc7e5268aa78b5d052c6f0d9cf74b3c814557bd5f88867,8663cd96968c7d1e,,True,512,512
def_front/cast_def_0_4108.jpeg,def_front,train,e4ca468d314aa47b5be3ce00728326752ca5e84f99bb9611b7a317319f79075b,02394d16368d6923,,True,512,512
def_front/cast_def_0_4109.jpeg,def_front,train,946ba11432c440f8afbd4bcd5a379315073c8982696d3ec14f4a9dd62c13a62b,07132713130f1f5e,,True,512,512
def_front/cast_def_0_4119.jpeg,def_front,test,2dee87d74f6a3348e967e091b5e56ff63adaec770205332f6d5c5622965cc9b1,8707ce92928e0c43,,True,512,512
def_front/cast_def_0_4125.jpeg,def_front,train,20b2b4a5a5a61f8299b76529cdda711ce232efb131e897289a4d9bcedc099f5f,163f1537370f070d,,True,512,512
def_front/cast_def_0_4129.jpeg,def_front,train,01fb7230137a651f787dc34be5a66b2552d52920e3398976f827eee0441b2900,0f2f4d13b3174f32,,True,512,512
def_front/cast_def_0_4158.jpeg,def_front,train,5995e53405b1896ca4541a01a4e0fcb81ab4f711d95f8f8849add9dbb9c5d0b1,9c334fb7b3974f07,,True,512,512
def_front/cast_def_0_4171.jpeg,def_front,train,0711e11c18cc2f52d9df5fdcbb6d71313af5697c21f6e7c204bd90743a47db05,24428f96960f3f9f,,True,512,512
def_front/cast_def_0_42.jpeg,def_front,train,0df0fc17efb165df594f61ad0d5ae840795a16c9312eaf7a3735e2628a5d3f5c,df392f16172fb3de,,True,512,512
def_front/cast_def_0_421.jpeg,def_front,train,a8e669bf848ed9d1f9d28fcfbe300ef4426b9a8b10d1fa7fc30ef30fc7990cd7,86238c96964c3986,,True,512,512
def_front/cast_def_0_4228.jpeg,def_front,train,f88e33684db6ba616d320bf488bcd06573792963a29eab5ee3200e69c22c6cf0,8707ce9292ce2c13,,True,512,512
def_front/cast_def_0_4229.jpeg,def_front,val,b344f000da5830d9fbe6a4c2c24d7c8b84e50d6f8b781486c115f41642c63f3d,9f794c16174d63be,,True,512,512
def_front/cast_def_0_4239.jpeg,def_front,val,e1d87b49382be61a89ca068c8105fece5bb9910694b3a911db696724813d5e9b,36274f16360e393b,,True,512,512
def_front/cast_def_0_4264.jpeg,def_front,train,a8c76dcc54a1537be31e7aeba36c5d0b37537c9411a924c8be675865db0f8b17,124dcc96964c6cb0,,True,512,512
def_front/cast_def_0_430.jpeg,def_front,train,4dacba9d38572a2a83bd50a06b6d4b6b4c5a216f4dc1013971e96b4bd7cdf4ae,b2698c9696cc499e,,True,512,512
def_front/cast_def_0_4336.jpeg,def_front,val,921defe5c2bd7e76148925fcd1373fde809091d65ad2f58b0a29ff46f6a56df3,d13c0e9393cf238e,,True,512,512
def_front/cast_def_0_4355.jpeg,def_front,train,38bc1e758b0387e48eded90245b6a8c2d95b6a42da0e328af9a9b923a3cd34a8,8663cc9696ce6c92,,True,512,512
def_front/cast_def_0_4360.jpeg,def_front,train,b02bfc0e8082bb0e8ef60380312f6593358ace3ae37f3aa1c0afb797cc4e49c8,b669cd9696cc4d97,,True,512,512
def_front/cast_def_0_4363.jpeg,def_front,test,2f75741218e490ebdaf7e72f3090db946afd823429f43e152f0afb83b132a692,8e294c9696cd4906,,True,512,512
def_front/cast_def_0_4379.jpeg,def_front,train,74a6bfe5367896c1370bdb46e8e539c9fbcf7851a13383802074586c5df78637,92794c9696cc6b96,,True,512,512
def_front/cast_def_0_4394.jpeg,def_front,train,8f7fc696f77f087b333204f249b49f15a45d0caeeca48f21f45e2c2c30897916,96314c96968c070e,,True,512,512
def_front/cast_def_0_4407.jpeg,def_front,test,79366d30571735a89ba60f0a16ee53ed4845942dc62a5e4298b1a292cb47670e,861f0c16968d0306,,True,512,512
def_front/cast_def_0_4412.jpeg,def_front,train,e6ef437d86e189323108292e6ccf225f5bdcec69010e528aed2a7cdbaa7379e7,8703ce9696ce2892,,True,512,512
def_front/cast_def_0_4453.jpeg,def_front,test,0e6ef31c2714c8b2a78a16fb1dc67f5e5eac1afb500f3543b72d330145b7c570,0f0f4d1733172fb6,,True,512,512
def_front/cast_def_0_4459.jpeg,def_front,train,2b6533096a8a33834290f565a5043f2a14b78c7fdb808f14c69b74793d62eb54,32c88e96968c4d37,,True,512,512
def_front/cast_def_0_4484.jpeg,def_front,train,55c104d21f6a3add7dad0e7c4c070051dcb98c5b148a59b0f869d35f6fd83d19,9f3f1f37374f270f,,True,512,512
def_front/cast_def_0_4501.jpeg,def_front,train,4e2a41bff0f92da3d89a953d0aecd17a1977f1d350f5ba3f86e37d71654b10c7,84b90c96d64d230e,,True,512,512
def_front/cast_def_0_4526.jpeg,def_front,train,db0f5524a10301098e017d5be7384dafef6f1796d1791111aea7dae81ae688a4,99498eb6968c4937,,True,512,512
def_front/cast_def_0_4568.jpeg,def_front,train,26d21c728109a61e08297198a0001834b7f42fe1eb6b92ca900cd06be255c115,8e63cd9696cc6d9f,,True,512,512
def_front/cast_def_0_4574.jpeg,def_front,train,5cb88b6a62d411b80318af9a138e07857dc6be7ea8e9dafdd5b453f3e778878b,913c4ed6d64c0386,,True,512,512
def_front/cast_def_0_4577.jpeg,def_front,train,4382559ce5069cdc6c9e4e707ec80d46cf6996c3a5bca54b333b269858335576,b3694e17174f239e,,True,512,512
def_front/cast_def_0_4583.jpeg,def_front,train,0f9430c4c88effe481e268d1ccea7701111606ea16e692734521d81daa439c4f,8669cc9696cc39b2,,True,512,512
def_front/cast_def_0_4590.jpeg,def_front,val,16d18094d0abcbbf446294567fbc035f24db8a584661c6a766e3a14ec2a17695,12784e96928e0386,,True,512,512
def_front/cast_def_0_4596.jpeg,def_front,test,d3cfaab760c6438f48c5247378bebd7b849ad311ae25912f81b7daaad88ec58a,0669cd96960c2992,,True,512,512
def_front/cast_def_0_4604.jpeg,def_front,test,83afd394cf332e36bb64cbbbaedc98f45cc870034c4842cb12d2f2ded631dbe5,9e1d4e9696ce0707,,True,512,512
def_front/cast_def_0_4611.jpeg,def_front,train,5fdfe21c5c6bd80a145a787318fea92ddb8105c9ff48d3033ac6c863a29c8216,0641cc96964c3986,,True,512,512
def_front/cast_def_0_4615.jpeg,def_front,train,00d049536c119c875ab6a8047784051da9e6885460e968bd3583549e5026d5f4,8663cc96964c399e,,True,512,512
def_front/cast_def_0_4651.jpeg,def_front,train,b4587834bd409c745c8dd86fc66acca2c3d567750b72fb827f2dd879a0428d3a,9263c6929206178f,,True,512,512
def_front/cast_def_0_4653.jpeg,def_front,train,83d33545252d0e98e83e3aeb8b01b5f70ef4d8b0e0682bce78f3bd09fd46da58,b661cd9696cc1f9e,,True,512,512
def_front/cast_def_0_466.jpeg,def_front,train,ff67c49b4f336fd961aee88b2d4ef93bcc3fe1843c5872a4ff4797bfe7ea234c,9e334f17164d3997,,True,512,512
def_front/cast_def_0_4671.jpeg,def_front,train,1aa87bcc5ebec0fe00c2c987f9e90b2da275617bbd963a50d0b712d5ed83c4fa,9e73cd96964c3b9e,,True,512,512
def_front/cast_def_0_4677.jpeg,def_front,train,7a688ed997cb9820907ad3f0c7969fbb168f872c9c5d85c212c2219c67954529,bb390e36364f6336,,True,512,512
def_front/cast_def_0_4683.jpeg,def_front,test,2d026cc6f9898c69a30a4972df500b79d1e6f1b4fe190faff483a2cf4faefdc8,860b4d94944d33d4,,True,512,512
def_front/cast_def_0_469.jpeg,def_front,train,b5e6f846159a5314e8b32dccd9b26d52e0b3989c4af018106894aecaab4237f5,b1684e9692964d33,,True,512,512
def_front/cast_def_0_4693.jpeg,def_front,test,078fd65e87b562173eafc9d22940261b1535bcfedd4684425f98a8a3d601165a,42990e9696070306,,True,512,512
def_front/cast_def_0_4697.jpeg,def_front,train,7924866c4762c821995fbec3bcf8a56d6d258ff40d6df92739dfb79a12a626de,8e1f0f13170f07cf,,True,512,512
def_front/cast_def_0_4705.jpeg,def_front,val,2bfc88adefcae4b961d075bc02fe9151a9ae49fe8094cb62596cdcd764cfc212,392cce92964e2197,,True,512,512
def_front/cast_def_0_4708.jpeg,def_front,train,91337a8a6fe6505033a0cab09fd79cf7123021ca33de2b883e6d6beb95689b5d,07078c96968c4998,,True,512,512
def_front/cast_def_0_4748.jpeg,def_front,test,8c206553c0d0f91e9f88e0f03bfc08a92af32829fa6fe8693743e56de8689737,0703ce92964c194a,,True,512,512
def_front/cast_def_0_4780.jpeg,def_front,train,3fbf7c9fbee57ea22b4593d3f8ef1246e7433b0bffc7f74415505d88e017f791,964b4d96964c4d90,,True,512,512
def_front/cast_def_0_4787.jpeg,def_front,train,09c4d1dfc5faf8cc5a5b6bb01c3392933d4aeb9e7b9218edd31a3b336be86a40,b4628d96960d378e,,True,512,512
def_front/cast_def_0_4790.jpeg,def_front,train,dc3d7bb83eda9ed3db70da76945b84ed4778ef5f6ee5d65615053604566d47c8,3661cc9696ce2f0f,,True,512,512
def_front/cast_def_0_4801.jpeg,def_front,train,3788e6e18856170307f32719ef968520c35d3aa98a6ae4168a603ddaded6f2e9,8607ce96964c39d6,,True,512,512
def_front/cast_def_0_4815.jpeg,def_front,val,6284f537d6578d1d4118ea28b7fa9f137c79d3fe44c3c8dfa59480c094de0988,b16c869296ce610f,,True,512,512
def_front/cast_def_0_4816.jpeg,def_front,train,46e262325d953da10348fb0155821ec5a9ec87359600aecab729bdf62976ac04,1764ce9293464c10,,True,512,512
def_front/cast_def_0_4865.jpeg,def_front,train,9509014b0568bc38e7eed913c4fda3915fd283fc9ddaa744c643e49192f8207e,0e170f17170f0f4f,,True,512,512
def_front/cast_def_0_490.jpeg,def_front,train,6093597a32e72de5da16343ba68c8cf95c261b6ed13f9eba26f14a1e819627e2,9f2f1713134f2307,,True,512,512
def_front/cast_def_0_4903.jpeg,def_front,train,27129860547c8deb0f5cde1dd9ce2e00fee1c6dab4124a2dd06b863632b9f32f,b20f1733572d0f47,,True,512,512
def_front/cast_def_0_4904.jpeg,def_front,test,812d08f4d4f0257279311f3264ee4f8c0d870c38e98ad28a34b2d6f0bef1b843,92794c96964d1386,,True,512,512
def_front/cast_def_0_4908.jpeg,def_front,train,f15a68beaa815fa51fcbfec1f0788c8c2376505ed821c5433a336d45a759c6b4,b0688e96964f238e,,True,512,512
def_front/cast_def_0_4927.jpeg,def_front,train,5f236d824a6d2988ed66e064a823c7e92bc30596ddcd591be5ff766cfb5ab7b5,ce9f0d1696cd0306,,True,512,512
def_front/cast_def_0_4932.jpeg,def_front,train,e73aa92df2b6a6bf3b4834e57e8116a680055745f56e206844454bfa40aae062,714c96b2b28ecc33,,True,512,512
def_front/cast_def_0_4933.jpeg,def_front,train,aa5f217d1c690035f7dea8e18b786835d228fc5eec80081b74c80660f0390dff,334dc69296ce6898,,True,512,512
def_front/cast_def_0_494.jpeg,def_front,train,3e69ca3196ade45cee08bdcf73f7ddb66a2b51023f608053a393e7d7c45037cf,b0494c16964d238e,,True,512,512
def_front/cast_def_0_4970.jpeg,def_front,train,fe051620a997d87d26709be8290f7173d2bee28e34499f25abc6e0f51bf9e4eb,1c6bcd9696cc6f9e,,True,512,512
def_front/cast_def_0_4971.jpeg,def_front,train,dfc8b34da3c67f246918ea8483bab366b3b66575f9afc7a45c92f1ccce629541,06294d96960c2996,,True,512,512
def_front/cast_def_0_4995.jpeg,def_front,train,76935605be72c0dde8cb847aa777a57aa0703260fbdfc844cb175e26a1dcfe0f,872f4f17170f379c,,True,512,512
def_front/cast_def_0_5001.jpeg,def_front,train,30e5681067e05ca68e5eb9fd8697a7e983a7e860aff2b2ccca9f433a81557637,86030796960e2c93,,True,512,512
def_front/cast_def_0_5004.jpeg,def_front,train,74504f45928ea310dafa2b88e109c503088bcd6396d2752dee6f7385996a073d,91c8ce96968e4d17,,True,512,512
def_front/cast_def_0_5006.jpeg,def_front,train,564be96b3e39909e6d45d9ea13800d0c68227cd8d6dde0f1b52bca16225b902c,8e334d96964e6892,,True,512,512
def_front/cast_def_0_5008.jpeg,def_front,train,870a43fea06099ad460289e85427f7f7e6064fdfb87e67172fdf97f32eebd753,b669cc9696cc6996,,True,512,512
def_front/cast_def_0_5014.jpeg,def_front,train,46a49f2b5755a988e1184c9d0040bdfa5eaa2400f96060cddec46623524a6bd4,0747ce9696ce0c0b,,True,512,512
def_front/cast_def_0_5029.jpeg,def_front,train,dff485f8000bc75bcab4cacddedac4e74ae58ba5e01af1da2765915067d93b34,76e98cb6b68c5d17,,True,512,512
def_front/cast_def_0_503.jpeg,def_front,train,2523ae21604651e544fa6fc260b2945c64d30f8b0e2aaf7d2c2ece65ad7040b9,86238c96964c2997,,True,512,512
def_front/cast_def_0_5034.jpeg,def_front,train,847a10e2cbdc08d62dcf41a93f0bb070fd5a87b9edae982e4173cf5ceb8077a0,1e63ce96b69e1f1f,,True,512,512
def_front/cast_def_0_5061.jpeg,def_front,test,dac6a0900f1e8209cb3dfae7d14fcb72ddb74b86bb8557e1a64bae5cfd47a167,92290e96960e238e,,True,512,512
def_front/cast_def_0_5093.jpeg,def_front,train,cc461ce887d494c5b8a1b549c5516a722a5aecbdd943f85facc8f0fc70b67ec7,330f1313172d1f0f,,True,512,512
def_front/cast_def_0_5094.jpeg,def_front,test,acb1c2fcd5950ebacbea1fbdd54ef9494d390cab3a770a505d2b28b26f237a3b,164b8e96968c6830,,True,512,512
def_front/cast_def_0_5113.jpeg,def_front,test,729dd83ccb0146d9dd74c2b007c6fb8a4d8c797a38bedffc905a3474f3f1002d,96171f37370f0f0f,,True,512,512
def_front/cast_def_0_5119.jpeg,def_front,train,d930296e07917f8443551ab5c226e7d52fae4a8b881ad431c2fee107c26271d2,074dcc9696cc69b2,,True,512,512
def_front/cast_def_0_5128.jpeg,def_front,train,406878f39d302bbf6061f12bc8ac0aa37b40e963692f08c1e949f6f75c5fd6ed,312c0e92928e0f17,,True,512,512
def_front/cast_def_0_514.jpeg,def_front,train,2b4714e0667720e5adfa76cc85210f87a409c6f7fa26c68feb20ce3d4fc733ac,0f0f0f17170f179f,,True,512,512
def_front/cast_def_0_5142.jpeg,def_front,test,5c209ac60486813e058fd311277b21cc9a28a31f60f1b2c805ce98f3ec9f3424,2e278fb6b69e1f1f,,True,512,512
def_front/cast_def_0_5146.jpeg,def_front,train,04f5bac9cbed058061c82d18bcb5246c240f1ac5d1b5748e0a867163c05d0fb8,b66bcd96964d3b8e,,True,512,512
def_front/cast_def_0_5147.jpeg,def_front,train,85652fd68ef0fe74d84f995a9b7ab539ded31ac4b2ede1230dc979c65d7c6a8c,9d1f1f37170f060f,,True,512,512
def_front/cast_def_0_5167.jpeg,def_front,test,0215521c3bc479708314ab9a3be30580f6f5a657d5adf01477ad0e0d9f630eee,064d8c96960c6992,,True,512,512
def_front/cast_def_0_5185.jpeg,def_front,train,c41ec2840c8a32e38094dad32879ad0e1d0b4fdfa52d05d2190b982fa6c10225,9e1b0f13130f270f,,True,512,512
def_front/cast_def_0_5187.jpeg,def_front,train,0f05df16db41e5d0d9ba554b2fb40780669c28984773f391121866936e0b6539,92290c9696cc6103,,True,512,512
def_front/cast_def_0_5190.jpeg,def_front,train,2a20e14f7abe0088a21447f9e0f423a7d2286d1bb009805c9708b988e01aa228,3765ce9692860c0f,,True,512,512
def_front/cast_def_0_5205.jpeg,def_front,train,4f3a2006b375712d2ca6bf9287a48c9f9ca9493d0feea3ec3a8071150d177815,b663cf96960f1f8e,,True,512,512
def_front/cast_def_0_5214.jpeg,def_front,val,beef0dd61acca54771dfc39142032855e7c0237eb1a9f164c4dfe9cba6c8ca1e,96234d96964e2990,,True,512,512
def_front/cast_def_0_5218.jpeg,def_front,val,0887c79569c47fcf466670aa04f9f9066596850f0223ba8891b5f6e21f01db81,a663cf96964c3b9e,,True,512,512
def_front/cast_def_0_5221.jpeg,def_front,train,97e1a4ec6c253c81532afa677889891b67ba0da500f6eb5ba6f72bc0e76a17f8,366ccc9696cc4d17,,True,512,512
def_front/cast_def_0_5224.jpeg,def_front,train,4eb70cc4639289127fb26f49b979ad49466a6ae920855aa85f2e215ff9a22a60,3269cc9696cd4d96,,True,512,512
def_front/cast_def_0_5239.jpeg,def_front,val,16a244fefdb6d7d3b1a9e659f44d44035e5622ef4e72c960637e431963d7848f,06394c9696cc69b2,,True,512,512
def_front/cast_def_0_5240.jpeg,def_front,train,342710b56eeeb5b1c06b54e89404a039f5db8a94abfcdd0b00efd374aee59891,1765ce9292464c10,,True,512,512
def_front/cast_def_0_5241.jpeg,def_front,train,0be8b523cadcb3ca53c64a9982cb1c7c38c83620c9d460eac2c97c4159d54fb9,93294e9292860cb9,,True,512,512
def_front/cast_def_0_5244.jpeg,def_front,test,fe060995f21447e49bb787d286f49fac45bb97dd89462ce0ab5532d76ab3125f,9663cd96964d2b8e,,True,512,512
def_front/cast_def_0_5267.jpeg,def_front,train,9c3bd4d535866f529c625f0cd155119b35b7076139e5452fbb20587778cb1550,9f2b4d9696cf6b96,,True,512,512
def_front/cast_def_0_5273.jpeg,def_front,val,631bacd2ef20ada04f7f4c3c9e2f02364c4a5d29bf7a02c1b26f1e7dddb62bcc,072f5f13335f2b96,,True,512,512
def_front/cast_def_0_5302.jpeg,def_front,train,e321b38e7c2473ec4c738b1a17a590358f1c16468d0a21188c3aa3e04a456a9a,b2648c9696ce1b1f,,True,512,512
def_front/cast_def_0_5311.jpeg,def_front,test,d21d56bc99fccb126bc0b09163e674e53f0a6bd99be55e8c2a6496437a1ea9db,0e27cc96964c6810,,True,512,512
def_front/cast_def_0_5317.jpeg,def_front,val,f5ab984e45cc8ddfbfb4aab194ac293b9451957d5debfbaf8a68d4a104f659ea,7249cc9696cc6996,,True,512,512
def_front/cast_def_0_5322.jpeg,def_front,train,f1aac6b6129640b79cdd157c0e6f59b0121d8a0a49ebbeebeea21225aad1a488,982d4e9292ce6d13,,True,512,512
def_front/cast_def_0_5332.jpeg,def_front,train,efbe0a626bde8b112057447d5369d31ea23ec58b04c432dee3976d038246c114,26478db6968c1f1f,,True,512,512
def_front/cast_def_0_5334.jpeg,def_front,val,1e15b27d2807e6c4b303cca8e7f95b7db382934a0d0c9ce6310ee35d5f3d9ee7,8c370f1737170f0e,,True,512,512
def_front/cast_def_0_5336.jpeg,def_front,train,6a563501b9638a94e49fd018404458136c62e7200b5b8fb6711eb9267986abc1,b64b8db6960f3b17,,True,512,512
def_front/cast_def_0_5339.jpeg,def_front,train,e54820e96bb17f6d6c1f0978fa781bc74a03135ae6c5e36904ab3ceefaca33e0,86294c9696cc6992,,True,512,512
def_front/cast_def_0_5360.jpeg,def_front,test,9945197e20ae6cc195ca188c32790bfbca943e8903dc16d17573483c49a1f5c4,c6b90c1696cc6107,,True,512,512
def_front/cast_def_0_5362.jpeg,def_front,train,5b3e543ff63dcc367ffaaf0f67ae3018b12116fa036ccded03c2344e20c0b733,b661cc9696cc338e,,True,512,512
def_front/cast_def_0_5363.jpeg,def_front,train,4a12b12ed608319371f7c24478827711ed534311929386e0b7777d8d0270aed4,b269cd9696cc6d97,,True,512,512
def_front/cast_def_0_5369.jpeg,def_front,train,d2191f9733aa97239247a85caeb3b559c2a8fec709b2ec18a7232c8ca06050c8,c4230f37170f331f,,True,512,512
def_front/cast_def_0_5374.jpeg,def_front,val,4989cf51d08a61c5735e18756186f5a7e6bdb0f1723f5f63d40bcac1c5134037,0f0b4d1733170b92,,True,512,512
def_front/cast_def_0_5421.jpeg,def_front,train,7dc508d958193d23829155764671e7fc44220457429949f5ae17b125f7c4e0c3,0649cd9696cc79b2,,True,512,512
def_front/cast_def_0_543.jpeg,def_front,train,806afacee239349e957f969c147b62d4bc5f5efb0d49e1fc9afc1e22e1b4c7ef,174d8e96964e68b0,,True,512,512
def_front/cast_def_0_5430.jpeg,def_front,train,6b68e464ea7e6f7dc66ff0ccbb5079df06ff496c1f4cf66aa3285e0f823e48fd,8e030f1313171f9e,,True,512,512
def_front/cast_def_0_5435.jpeg,def_front,val,e786d670fba579e3b146391cb7206706bf5d1791f78fb2f2ef68662921939bff,8e334d96964c7992,,True,512,512
def_front/cast_def_0_5470.jpeg,def_front,train,c20fd3011bb7d761411ada0af2ddce7db65150057616a803862324a5d690c982,a6638f96968e3b9e,,True,512,512
def_front/cast_def_0_5480.jpeg,def_front,train,15af39d3b3ddf3d8419ebb83f814d956e66678d14bc5d1b36bace7d85ceed2c3,86030f17370d2f0f,,True,512,512
def_front/cast_def_0_5524.jpeg,def_front,train,c93bbe0ad34ef0f24f468ca25e803f523c4d81d01e4c5e040896a6acbe817d52,96634d9696cc6d9e,,True,512,512
def_front/cast_def_0_5530.jpeg,def_front,train,23f9afb10114d0b75a0d2485f2fad15508baba61941947b3f41d69d6a88cad55,5239cc9696ce038e,,True,512,512
def_front/cast_def_0_5532.jpeg,def_front,train,5175d3457c3be745662249c0091e54b40901f5662897cd7040fc7cadf6abc719,9268ce96968e4d07,,True,512,512
def_front/cast_def_0_5545.jpeg,def_front,test,97b52892168352724b3ba0677d50b73a78cda3686e2051e08660e81ed4399912,96394c9696960707,,True,512,512
def_front/cast_def_0_556.jpeg,def_front,train,f168b3b7badabbba5d4f152115236d749cab1c60efeaf9544657941830b456ad,9279cc9696ce438e,,True,512,512
def_front/cast_def_0_5569.jpeg,def_front,train,f908cd4e53f379e6aa147b774cae23d9409102138b6e197e8790fe7c12ccf011,363f1727270f0f0f,,True,512,512
def_front/cast_def_0_5571.jpeg,def_front,train,769d45bcdb6f3e3c1a2ab5cbb370b35da08051dec47f91ef5d9eeef02c63078c,c6330d1332150b1f,,True,512,512
def_front/cast_def_0_5572.jpeg,def_front,train,43c20cb0ccfee5449f50ef3556f4dff2bb5fd3bad80d9330a03a611375157077,46030713130f1b17,,True,512,512
def_front/cast_def_0_5573.jpeg,def_front,val,4e8d94145c29cb4e0e724b8a8611d0ad716e80867c2d594dd8707045a3dff69a,b269cc96964c6d97,,True,512,512
def_front/cast_def_0_5628.jpeg,def_front,val,b5ffa8aa8bb78678ba9ddb1156d906c55991cfc4735b16ff7a446e36c1d9eec9,32c98cb696cd738e,,True,512,512
def_front/cast_def_0_5640.jpeg,def_front,train,404cd2121738fd561f3cf95510389267173576d512876e53cefc2e25b19cf41a,9c72cc9696cc0d9e,,True,512,512
def_front/cast_def_0_565.jpeg,def_front,val,ef97e91aa2b6d37bbe03d92a498ff7231444d4f9c98905a912db58b5ced4bc63,06030f37370d732f,,True,512,512
def_front/cast_def_0_566.jpeg,def_front,test,7e56927957d61f943ab5de057677bdb6fb39b46091256c99007d0d4991a41a77,04334d1717cd6316,,True,512,512
def_front/cast_def_0_5696.jpeg,def_front,train,0e75456ac34370a73a8ad50b604e2a96aa17f26e408a5248db048b51cce9f52f,96394d9696cd0b86,,True,512,512
def_front/cast_def_0_5700.jpeg,def_front,test,55945b9ad98a9fe4462886059856af342b8497c90ff49db33552c4245f44b17e,0e438c96b68c69b3,,True,512,512
def_front/cast_def_0_5707.jpeg,def_front,val,2723b7a5b2d8a30314c14847f15ebe1301703610a3055130f3327df2880dc331,b34dce9696cc6d1f,,True,512,512
def_front/cast_def_0_571.jpeg,def_front,val,10dd16d62f6cc20a31a264231fccede19e16d81de6b52c00a85f77ed454c367e,334d879392064d33,,True,512,512
def_front/cast_def_0_5712.jpeg,def_front,train,105daa0e9dbce26223898c6e17cd453952fc44f4d1d6d1784b78f059bd3eb315,366bcd9696cc791f,,True,512,512
def_front/cast_def_0_572.jpeg,def_front,val,1c09ab2a12ea0905d1b1745b038d1bd156da3e9c4a488bfcbc4f6fd23116dc99,72c98c96968c4936,,True,512,512
def_front/cast_def_0_5759.jpeg,def_front,val,1a1de1082c8888d66dfa35ab442bcda6e3196553d165bb010a227cb7ae69a2d3,0029cc9696cc0f86,,True,512,512
def_front/cast_def_0_5767.jpeg,def_front,train,7cb94d3d008e321fbe0c4489734449e2bcaa4c712305fb9cc5ea24eee28eee70,264c969296ce4d17,,True,512,512
def_front/cast_def_0_5768.jpeg,def_front,train,18357dda0cd3735319b77777ca8c03d170883af56a15bd43e6d44869eb03fc5f,b66acd96944d3b8e,,True,512,512
def_front/cast_def_0_5805.jpeg,def_front,train,96a91b7e38f78282336de18d0e1266a42f9e57920919925ed8c1b72b64746ac2,72cd8692960e3b8e,,True,512,512
def_front/cast_def_0_5809.jpeg,def_front,train,69b9b51ef772382f858ae359609bdb519ff22661c88c58d1e17b93b72c5b78a5,87134d1733171f9e,,True,512,512
def_front/cast_def_0_583.jpeg,def_front,train,e67b3a739066d94f0e272700ef1572178259a927fbd29dd55985d0b589c9db49,0607cd9494ccb186,,True,512,512
def_front/cast_def_0_5838.jpeg,def_front,train,4635095038cbadfeb5787e67c72cc296aef574158f58936f4e2274a44ac2264d,8e3b4d9494cd038e,,True,512,512
def_front/cast_def_0_5842.jpeg,def_front,train,5c17e4fa2d14ca798900edb0560163ce6337ab4d1616c88eba330f3b824b4768,d6e9cd9696cc1b8f,,True,512,512
def_front/cast_def_0_5851.jpeg,def_front,train,e538fa5158c497304a3a243b2c391e6cbcd707cae5457c567feaa754b1e41db9,9e2f1733174f2307,,True,512,512
def_front/cast_def_0_5863.jpeg,def_front,train,d54b92bd0c454a772e9a2bc756fa7b5a2546e9508a15b1b360bc48b7a0a00db2,9e3f1f33134d330f,,True,512,512
def_front/cast_def_0_5867.jpeg,def_front,train,74fb9d2e3dfd2a2729656236ef1071268fa49dc4e10659fd054af0fbebe02a49,b16cce9696ce4c33,,True,512,512
def_front/cast_def_0_588.jpeg,def_front,train,bba2957e007a3ccb5bfed9d9c74c1e27ba2162cbe5e19a95cbb32c1499e60596,8e07cc96964e68b1,,True,512,512
def_front/cast_def_0_5892.jpeg,def_front,train,e9f301c1a281b9edbe346816d448a9b2f04f72544f81f1f6c64b92dff98d87cc,d6290e96964f038e,,True,512,512
def_front/cast_def_0_5919.jpeg,def_front,train,f4612461191dc15663a140cea1cea84899b4615309bbb60fc80c4cc3ef69d8b0,d26cce9292ce0386,,True,512,512
def_front/cast_def_0_5932.jpeg,def_front,val,41e72a5b0bf136b6a4b8db6efe905a4c3e521e04b451f2af785e555e1265cbce,966bcd9696cc69b2,,True,512,512
def_front/cast_def_0_5933.jpeg,def_front,train,1498e25d24b6faf6a9feea0269bd393dc1ab30da03ebcdbd41d7994cdcf96a92,86234f97960e2996,,True,512,512
def_front/cast_def_0_5954.jpeg,def_front,train,b61c291ef6cb6b8a40c1e71c10a3ebc08116ebb1aee18613a4f4c46ee0dbb047,8ab94e16924e2386,,True,512,512
def_front/cast_def_0_5971.jpeg,def_front,test,27db26cfc61593a9b19bbda0eac66e80b4168b670231f40194d3aabab02c4dad,92294c96164d3b06,,True,512,512
def_front/cast_def_0_5978.jpeg,def_front,test,f924afacccf628adf3eaef14bf6b9abe96c812cafbac9823f1dc2362798eddca,074d8c9696cc6932,,True,512,512
def_front/cast_def_0_5992.jpeg,def_front,train,cff6672a58cd2f1c1012a3fae7d9ae7dd5ee8fdf86661210d4ef4ff30fc7fa75,9c72cc9696cc1f8e,,True,512,512
def_front/cast_def_0_6010.jpeg,def_front,test,884f15156793da5396b06c7fdbffa237666fc40699af21e483d35aeaeb22363e,106c4e9696ce6507,,True,512,512
def_front/cast_def_0_6011.jpeg,def_front,train,c82f0ef371b2195876797ac29cf3c463b92b478a11de10f2ebeeaff27175cfef,86031733330d3b0f,,True,512,512
def_front/cast_def_0_602.jpeg,def_front,train,5764bcd5dc57be8be941f5e204295f817ce5ece45667d563c6b350c1dae01577,f3cd96b6968c5d17,,True,512,512
def_front/cast_def_0_6023.jpeg,def_front,test,41468b2b52894d57c19a3f724550fece3d50c253d507473271980cbcc52a5cea,1f0f171b134f139f,,True,512,512
def_front/cast_def_0_6035.jpeg,def_front,train,ae032a4b4ce5a95d308498b2ccefb972a8bf5e09e4266bd9f13198fc1cd31c9d,76cb8d96968d339e,,True,512,512
def_front/cast_def_0_604.jpeg,def_front,train,6ea6a4ab59944c6cf178452bb19fc5e5d1dfb6e1af4bc66c783a902b6e0ce49b,26638d96b68c5d1f,,True,512,512
def_front/cast_def_0_6044.jpeg,def_front,test,2166ac9010cd9a89f4210c9aa73250d5af18d529074dfe573f6a95ef6f2bf8ac,b269cc96964c6996,,True,512,512
def_front/cast_def_0_6062.jpeg,def_front,train,58744515d07b158c45a38f6df86e6de47ae142395d0346c29992509b2965f208,9d6bcc9696cc1f8e,,True,512,512
def_front/cast_def_0_608.jpeg,def_front,train,9426379259544b25b791d7643a97068db63c3ecffad2b35e631f5c77b3820e78,0e8f0f37370f0f0f,,True,512,512
def_front/cast_def_0_6112.jpeg,def_front,val,069e20a609511b67cb5171b1f4f867e965887467ff56dd073beb261f55935b4b,8e030f96964c3916,,True,512,512
def_front/cast_def_0_6123.jpeg,def_front,train,423be3f3813680b1294cc005cf7cf04b3dce9d0ff3e46da536a805cbeb023bc7,9a694c9696cc4907,,True,512,512
def_front/cast_def_0_6154.jpeg,def_front,train,c8ff9f554e94141c88c8cd623e9862656f1c2ef3b008abdef6f9661cd83d4a7f,9e3f0f13134f330f,,True,512,512
def_front/cast_def_0_6173.jpeg,def_front,train,dd475c7fe1848f6eab6ee63c2f68139bd8b690f2dd85df1ef1ec8bcb4489fcc7,b12cce96964e2386,,True,512,512
def_front/cast_def_0_6184.jpeg,def_front,test,08523d2f6d2b4d8d21a69cd95831a8455021a1ac280698994285827f7f3e0eab,8c63cd9696cd2b9e,,True,512,512
def_front/cast_def_0_619.jpeg,def_front,train,4aadb391c451ab77cf541fd2af2687fc24e9ed95ac6f354b1b71873c03bb9d4c,b269cc96964d338e,,True,512,512
def_front/cast_def_0_6193.jpeg,def_front,train,ca88f8cdb744f076f6518faf3acf29eefe2fb072e0018ef456b37c13e82b4d12,9463cc9696cc1f8e,,True,512,512
def_front/cast_def_0_6232.jpeg,def_front,train,bf8d20f46a274e7746bec6ae820b2cbecbfa32f4ba45d01f02180e43b222dcb0,a66dcc9696cd1f8e,,True,512,512
def_front/cast_def_0_6236.jpeg,def_front,train,cf3436386a0d6c9111d8659ed03202143c2e893613a56b7a843e30e25da7eeb8,b666cd96964c399f,,True,512,512
def_front/cast_def_0_6239.jpeg,def_front,train,4e69d19622279dd705e0bf7dc84178e0c6e17c0166df5153c0d96bb8ef5ac517,92098c9694cd4b06,,True,512,512
def_front/cast_def_0_624.jpeg,def_front,train,2d3e95c73ee3e974e207959fa53893b7b8dcb0799ad0513f8aafc10ee350af50,87134d1313170f9e,,True,512,512
def_front/cast_def_0_6244.jpeg,def_front,val,1c25ec4fd2a5fecafe07a6a734bffd31038f60abbfe04661f288d78d3eda5e6f,96370f1313271707,,True,512,512
def_front/cast_def_0_6247.jpeg,def_front,train,c7694927fd8b99e57a0ff603a624ed39573b9ce91111cef25779ee1ae1462ca1,0e0f0f17170f1786,,True,512,512
def_front/cast_def_0_6259.jpeg,def_front,train,75fbcdc989756a44126d531127c19f3bf87ce093e0a3481e26e58473d6850397,04728917978b6306,,True,512,512
def_front/cast_def_0_6272.jpeg,def_front,train,f04155e652671db5872dc01679c1e8ad20b080fcaa5efb0260930a5fb15ad544,62cd9cb6968d4936,,True,512,512
def_front/cast_def_0_6296.jpeg,def_front,train,e2fc35843d8810a2c87ca30a5ab23be20c4c490aab52deb3d5ab32e61c4bd6d4,992d0e92960f0306,,True,512,512
def_front/cast_def_0_6298.jpeg,def_front,test,24f5c5144dc254faf8f639bdc8e20f668b2ea5eef5154baf8301b55a24579470,92380e96928e0317,,True,512,512
def_front/cast_def_0_6322.jpeg,def_front,train,6413e212c8bdf409cab6a22442a4e2a6c12856a29aec1d0ef5a145be59fc2706,0e0bcd94948c4992,,True,512,512
def_front/cast_def_0_6369.jpeg,def_front,train,7b70c13bb8f007554e44e9d8035ef89a3bcb49a1892c0084b29d8a960dba237d,3b79ce96b2c66533,,True,512,512
def_front/cast_def_0_637.jpeg,def_front,test,fc882569e5e9eb1fe333b5c8eecb76395792d95ad70fe6ccce39f5fc2e31734e,0e074f96960c1bc6,,True,512,512
def_front/cast_def_0_6406.jpeg,def_front,train,5a999d77ff20ad8abc59f0e5a83a80c8b0c7034bdcd8785dda842e6b435488cf,470f2f1713170fb2,,True,512,512
def_front/cast_def_0_6417.jpeg,def_front,train,a742cea4e1265ffa0352150dfbf83b24461e7cfd08f1a1c906aae8e1ab42ae4f,0761cc96964c399a,,True,512,512
def_front/cast_def_0_6422.jpeg,def_front,train,9296edb92ba6d700354dc51edfc4213d7a4781769e10ee0a3d89a20b17d2ab06,b20f1733154b0f1d,,True,512,512
def_front/cast_def_0_6454.jpeg,def_front,train,f52fad70ef35a239e19d2cde7712e4722d084ca788da19f9f7c60d85ca4c609f,174dcc96964c3950,,True,512,512
def_front/cast_def_0_6476.jpeg,def_front,test,dbc747dd80f2d75775fd5207bff9dfc17eb51a7449e0bb31ab68c310748286e5,92498e96968c2d07,,True,512,512
def_front/cast_def_0_6483.jpeg,def_front,train,2a9e514cffec2ba332504551f0b94a560fd92993f46787be324a3c2564df62e5,1649cc9696cc69b2,,True,512,512
def_front/cast_def_0_649.jpeg,def_front,train,4c1b3c6b5ac14eb1d7123673bb228ca4f805ca2382667269ce955d07ef778448,0669cc96968e6832,,True,512,512
def_front/cast_def_0_6519.jpeg,def_front,test,a1386a29401731ad3ccc08198b9c70e0aa5d1cb006d0aac51e3f039e46a41b96,8e030f96964c3916,,True,512,512
def_front/cast_def_0_6526.jpeg,def_front,train,7e79f2e25ffb5ad5db3ecef6fb04ecd30a23258b459e2cbe48c73dba668a795e,9b194e9692ce4107,,True,512,512
def_front/cast_def_0_6531.jpeg,def_front,train,7bab95c04806867ddf2d0f65272c4d5982f3adfe5ea25d504e4e33fb2164bdd4,8607cc96968c19da,,True,512,512
def_front/cast_def_0_6536.jpeg,def_front,train,2d7952fa21b60f307aa98a49103b0253f344d4ed509286834856ad01c9a44152,1749cc9696ce6cb1,,True,512,512
def_front/cast_def_0_6538.jpeg,def_front,train,8d8c1ebf055ea98df644f67065815116284f1e6e736bfb9b5f39ec1dd70ffaa4,0e73cc96b68e691b,,True,512,512
def_front/cast_def_0_6563.jpeg,def_front,val,cd76bb188388f19b2069ab779f16fbbce08ee9af487edef3e3cfcedbb59dafbe,134dce9696ce69b1,,True,512,512
def_front/cast_def_0_6564.jpeg,def_front,train,49fb5d1ffa43fa1957a5329d1eaba72a016a4a182c04499821f12ef85c0c1ebb,9f0f0f37170f8f76,,True,512,512
def_front/cast_def_0_6582.jpeg,def_front,train,7c44a2c257835dcfaff985813e874a612936bce5f94ebbea9e56bc6072378cc5,9f392c16174db1df,,True,512,512
def_front/cast_def_0_6610.jpeg,def_front,train,a3e25d254a6725f8ed449355c16d850302584876a47654090a15166a450c8c43,8e07ce96964c0907,,True,512,512
def_front/cast_def_0_6641.jpeg,def_front,test,a438477d44c98e2037af564cbcd6f7767aeb2cf06a6317d409d3cebff985e501,b96c4612564c318e,,True,512,512
def_front/cast_def_0_6658.jpeg,def_front,val,ef333f07125acdbee316e7723656e3b8c684e9b900f3999e3adfc3bbc4087354,429d0e9a92070306,,True,512,512
def_front/cast_def_0_6662.jpeg,def_front,train,24ab86bf70e68637fd5b00e3a45e536a9ceb27d66598eb83eb1c2ec08b588ab0,92394c96968c410e,,True,512,512
def_front/cast_def_0_6673.jpeg,def_front,train,fac4bf66093afc314b60c39e851aaac4b5a78b3c703b0cea09ccd57cbed6e95b,46b1cc9696cc0786,,True,512,512
def_front/cast_def_0_6687.jpeg,def_front,train,b2080e35537eec331df5bed20f593deb577f82b1acf211bc36fae58099646571,9e6b4f96964c399f,,True,512,512
def_front/cast_def_0_6724.jpeg,def_front,train,50a757e9f5298f3fb3184439df8f2c24d07950a567c5e3a10a111f78d87d718e,87198c96968e0707,,True,512,512
def_front/cast_def_0_6738.jpeg,def_front,train,62fb8ea71bab12378b1f745b7928fa6927ffe0dd352385f6e3708cb583885084,87238e93930e4c99,,True,512,512
def_front/cast_def_0_6777.jpeg,def_front,train,24179b4bed9ad38b74a67c2aa22ddf20630ff89b4657bc2c36dcff17f18abd9f,92190c16940d078e,,True,512,512
def_front/cast_def_0_6797.jpeg,def_front,train,562937e18559d8800c907cf54f6d636d5f095c8db6acd7373d837a84514016d2,07238e9292864c99,,True,512,512
def_front/cast_def_0_6817.jpeg,def_front,test,272adb7c62a74c59701e606dbad7a45890651c68989fa6e0299d6e263cf2af3f,04070f17170f1746,,True,512,512
def_front/cast_def_0_6836.jpeg,def_front,train,0ff0ebe6d47d6d81e14bd436ded0e65c3139135c3b43a13ed20e5e32408a195d,12294c96d44d030c,,True,512,512
def_front/cast_def_0_6837.jpeg,def_front,train,c5300fac6e658ce0940ab51dbed703c9cd720f3c7a3a5a077819b63c1269359e,b6638f97160e2d13,,True,512,512
def_front/cast_def_0_6853.jpeg,def_front,train,6cd7762c72508ae76ad86bd4e850187e20e4b0b65711e5a3799938e338111b9c,0e0f1733170f378c,,True,512,512
def_front/cast_def_0_6855.jpeg,def_front,train,7d325a57503029955bead7554546a620825543ca1a474b084ed0eed0f91059c7,8f61cc9692864cb1,,True,512,512
def_front/cast_def_0_6860.jpeg,def_front,val,a54d2d47b720a6d581095bf3fc410c990edba7f97ded4e41cb9b3297bbde175e,86234f96964c3992,,True,512,512
def_front/cast_def_0_6863.jpeg,def_front,val,a79889aaf189d87e70c3236c9e646b9f2042b60e78c83dbd33f540fa884b3c63,174d8c9696ccf912,,True,512,512
def_front/cast_def_0_6867.jpeg,def_front,train,93e845b32bb854cd428011b196204220cbb4bb5c21dd064f692f3aab3ee6259f,9e3b4fb3b34f0b8f,,True,512,512
def_front/cast_def_0_6869.jpeg,def_front,val,3242f4f993c7e39ae318d1c2f743a068aeccf4c4d89719eaabae49063713a64d,9e3b1f33374f270f,,True,512,512
def_front/cast_def_0_6874.jpeg,def_front,train,ef0d1189312dd985ec3d62f39a8bdb586116ce57d9de2f686f3f17652fa65bf0,86230713130d1b0f,,True,512,512
def_front/cast_def_0_688.jpeg,def_front,val,066937d2f52f6f5687447f7b60f137be3dd7377a467065bd97f49d8d53aba8e0,366bcd9696ce0b1f,,True,512,512
def_front/cast_def_0_6884.jpeg,def_front,val,958c8e40e3d4e7ad5ed43bb403a1fc057f54c6ecfe9abd08e5974e2f214c07ca,39cc869292ce4c13,,True,512,512
def_front/cast_def_0_6887.jpeg,def_front,train,46d5f7f538f387fb2d86dee878f71da9f0334329cbd92d7ee1730b79dc08fdd0,8e394c9696cc2386,,True,512,512
def_front/cast_def_0_6898.jpeg,def_front,train,618bc81f41d36b8de1657a7a1fea908e3fd86d96d7f050cec245a92ee5bf3748,8761ce92924e398a,,True,512,512
def_front/cast_def_0_6929.jpeg,def_front,val,dd57d078de3c1e166b989c9cc85cac4f91f8f596562f1351b7f1803995b83439,9d170f37370f1f9f,,True,512,512
def_front/cast_def_0_6955.jpeg,def_front,test,f0e5a1515c9acc608b393f8a227ce29cc4ce40390fc7f1c777d4f55c9ca8a85d,96390d96968d4b06,,True,512,512
def_front/cast_def_0_6959.jpeg,def_front,train,f462eba030b7559ef8287d82f94f490e57e78a641119c3cb57b514436eb1c0af,84270f37370b371f,,True,512,512
def_front/cast_def_0_6993.jpeg,def_front,train,eb8a0bf00f97f4448b3addc8fa6413e92a06ae826ff131347de2e3e9c742f1a7,b563cd9696cc3f9e,,True,512,512
def_front/cast_def_0_702.jpeg,def_front,train,9967ceec5395d63c3301156bef5b9fc7885d07b92060b9fc88b5d44655a2fd2f,86294c96960d238e,,True,512,512
def_front/cast_def_0_7039.jpeg,def_front,train,ae2486ffbfebfac244ffd5f511ebc5763be54478f53c411a90da642b788b7767,8e334c9696ce68b2,,True,512,512
def_front/cast_def_0_7040.jpeg,def_front,val,eb52f7c3c2f7139c288c7305571a8c0ceb5f51024171bdc228bacb2024f96786,b16cce9292ce4c13,,True,512,512
def_front/cast_def_0_7051.jpeg,def_front,test,0774b6e95671344aeab0f3078ed726886c9b7a1de8df3563ef9ee3ac34ed5f44,170f8e92920e2cb1,,True,512,512
def_front/cast_def_0_7056.jpeg,def_front,train,a45178ae78bad4510437694c785dafc66d7c7368385ad4ad14c61f02547f5a61,24e98fb6b68e3b1e,,True,512,512
def_front/cast_def_0_7074.jpeg,def_front,test,82ad9836c9bac27167e65fe9934f500e57000e97ef5d75cc902c08c1b21799a4,5e1b0f13132f1307,,True,512,512
def_front/cast_def_0_7076.jpeg,def_front,train,246ba613b158daea2ad708f759aec94827feea35ced83915ef046ce7fefcfb22,0f270f17371f3f9f,,True,512,512
def_front/cast_def_0_7080.jpeg,def_front,train,e985273d7815364567d52a9f52a0f5fb265608e7baf99cb0bae04cd41f06e09b,8c064f97964c1f9e,,True,512,512
def_front/cast_def_0_7086.jpeg,def_front,train,7886f53dde7a105a5f4310c1565df992440f81ea12f4f51c1ea309e9fac012ff,de234fd6d64d3b8f,,True,512,512
def_front/cast_def_0_7110.jpeg,def_front,train,c8fc17a2778dc09bbfd7917cc8249144c8e7ee676564f089f70fa3b74cd311ae,b3694e17174d339f,,True,512,512
def_front/cast_def_0_7113.jpeg,def_front,train,d0856f160e113f6b0460982508ad7f91afac3c5fd65e631f457710f77e538893,86230d3232052f0e,,True,512,512
def_front/cast_def_0_7117.jpeg,def_front,train,d667dee6a629d5b3541811dc025f39b87b780b4076e4d931144e4629dbe0232a,9f634d97964e79b3,,True,512,512
def_front/cast_def_0_7126.jpeg,def_front,train,83c8f910bf716a3761982ad35a86c42b9490919fad49544fa76fa8d706ab8a68,070dce96964e68b3,,True,512,512
def_front/cast_def_0_7142.jpeg,def_front,train,94de12e33363ba899d4509ac30615b082faa41d891bf9f586f772d061a314e3e,b2394c9696c64d33,,True,512,512
def_front/cast_def_0_717.jpeg,def_front,train,af133edf20976b91aae850dffaca69706a79cab6c79c5264339fa4fd05751dfc,074fcc96960c2912,,True,512,512
def_front/cast_def_0_7172.jpeg,def_front,train,151ae4c3cb84d87de13b5162bbb02fde70d3332247ed473a6cf1eae29e8f3168,d2b94c9696cc6306,,True,512,512
def_front/cast_def_0_7183.jpeg,def_front,test,9e35b825e2284670306a8d62dd8530e2d2440b14ef42a950653319c370461c65,9369ce9696cc398e,,True,512,512
def_front/cast_def_0_7198.jpeg,def_front,train,693f4b576189a49e1451ad686854fa48caa4e99e4b222c92ad06fdf81c2a1654,9661cd9696cc3f8e,,True,512,512
def_front/cast_def_0_7215.jpeg,def_front,train,96455441c5a3529a48dd60fe46876adb36813b50ba84e809953edabb9aaaed32,b14c86b2938e4d33,,True,512,512
def_front/cast_def_0_7216.jpeg,def_front,train,6429c6ccb4bda7b7f13716921f90fd119d527ddeeeea5a114c7bd691afb85baa,0761cc96964c39d2,,True,512,512
def_front/cast_def_0_7217.jpeg,def_front,train,ff2d5d0cd22520e573b0012e422f3b4876ad1c9e65bb8266168d2283fc357a9b,9b194e9696ce0307,,True,512,512
def_front/cast_def_0_7230.jpeg,def_front,test,e1ef46ac0ffd7940bce8d595f202a4c8d3ce4e7ec70106cd09d942e0ee42b1ea,72cb8fb6b68e1f17,,True,512,512
def_front/cast_def_0_7232.jpeg,def_front,train,f0cae6a99d1730164af1b2ae5cdfd346d7147045fdc5c1377ca6deea44c0ce19,8e334d96964c3192,,True,512,512
def_front/cast_def_0_724.jpeg,def_front,train,b4544a7b4405518ee2d2f9c8bd9bfebd059de981177538dfc06f14f007b05c80,f3f8ce9296ce6197,,True,512,512
def_front/cast_def_0_7248.jpeg,def_front,val,a1bb727d22f049c3ee571b42c5d40851c6797501d09b6a8d21058ce2f8baf81b,624dcc9696cc6d17,,True,512,512
def_front/cast_def_0_7264.jpeg,def_front,val,f3952b283ee92584fc6640e604b2c56d990c8bbd6bfdc7930abc660885f42d33,9f394c16564f33de,,True,512,512
def_front/cast_def_0_7275.jpeg,def_front,train,92caeec2f3c2fc89ded4451d361346a2b0309ea12ec49dd33202bdeff27ba8ed,1e6bcd96964e0b9e,,True,512,512
def_front/cast_def_0_7286.jpeg,def_front,val,116c0cd6bc9a43b71619c7e20005e0f009967bbe2fd70ecb05f601078b9dacd9,0e0bcd94944db98e,,True,512,512
def_front/cast_def_0_7295.jpeg,def_front,train,547808ae838c0070d5c281f064597eea46741043482adf832ad61e95f6f4067f,870dcc9696462cb1,,True,512,512
def_front/cast_def_0_7315.jpeg,def_front,train,34943e22761e43ba42554bd9430bcdf8b397c4342ef79d6d4b899cdd023300a9,0647cc9696cc0c99,,True,512,512
def_front/cast_def_0_7324.jpeg,def_front,train,287f7fc333b47bab021e8d7c9d166a4398757c40693225667bf1b70fcf707e2d,0d0f0f17371f1f96,,True,512,512
def_front/cast_def_0_7326.jpeg,def_front,train,59f3c494fabadb90496bb43cf16e377b98ec5310ec41cb367b6f852fe1db4951,64cf8fb6b68e3b16,,True,512,512
def_front/cast_def_0_7336.jpeg,def_front,train,ef89684ee286512e5aac3eca91cdeb633ac2529ee0f45aef88bba0b73635c146,8c130f37371b171f,,True,512,512
def_front/cast_def_0_7338.jpeg,def_front,train,b33b7707b8a532683d5c6b9738b7365b044c6bd0e8d60b50dff6a90703446551,3e69cc9696cc4d1f,,True,512,512
def_front/cast_def_0_734.jpeg,def_front,test,2b8ef68abc492ddc50e610ae541539d06e0ca474dfffd4485ccb1bbb71c9952b,074dcc9696cc6983,,True,512,512
def_front/cast_def_0_7360.jpeg,def_front,train,bee569ac3298e4287774ee35ea8670f12972dec39818c1215c025ecf48a93915,0761cc96160c99c6,,True,512,512
def_front/cast_def_0_737.jpeg,def_front,train,203761ec9d740258265fb19042052606d1384ea1ccdc10ca3bc965be7239e764,07030f9692062c99,,True,512,512
def_front/cast_def_0_7381.jpeg,def_front,val,0591357a53c4788e7fbbdaf2e28cf92a0094ecb558f3813d152b263573db23f7,992c0692960f0306,,True,512,512
def_front/cast_def_0_7384.jpeg,def_front,train,0a39dd225f86c2ccfd8f247a35c2b51c90717b92cdd1d9038ea26815659ae9dd,92394e9692cf238e,,True,512,512
def_front/cast_def_0_7394.jpeg,def_front,train,c9278a0ffe0ef3aed214751fb2424282d7d2de427f7cea04edf6fd4a3e83acab,962f0f13132f0707,,True,512,512
def_front/cast_def_0_7396.jpeg,def_front,train,2759836172b0b41b8485185f24421f256e6fdd88de615067cc983980f7429d92,b6cb8d96964d3b8e,,True,512,512
def_front/cast_def_0_7410.jpeg,def_front,test,b0adcfbc23cdcb0a6369eacf350e9dc4f8402d758b015f593ff78245770ab5bd,8e070f37370d331e,,True,512,512
def_front/cast_def_0_7420.jpeg,def_front,val,58e6c75a96ad56e8bcefe9d6e9b97eaa9e3530aa1e0401492a6a5536ee7bcffe,8e07ce96964c1906,,True,512,512
def_front/cast_def_0_7431.jpeg,def_front,train,d0f3c313047dd1905eaa4e4a905813b43e51910b3e4ea37831e6e5bdd51004ac,136dce96964e68b0,,True,512,512
def_front/cast_def_0_744.jpeg,def_front,val,23a3c9798cd7aa53cc3f8ede307b616a8a9cac525a0702219cb567500bd7dbbe,8e030c96964e7912,,True,512,512
def_front/cast_def_0_7446.jpeg,def_front,test,3e23d45c13898a1ab36e76a9f61d888e4f8ea02f01a129f1e8a4559003152e68,ae638db6b68d398e,,True,512,512
def_front/cast_def_0_7455.jpeg,def_front,val,07a1f1f83c15313935e82526241495d5e21b9d830299a74b37c2684ebb3ee421,12688e92968e0386,,True,512,512
def_front/cast_def_0_7462.jpeg,def_front,train,fde3200f0b2dba5c3966679162ea2e8916503860ee23c2bfe3588c7e85203126,862d8c96968e499a,,True,512,512
def_front/cast_def_0_7467.jpeg,def_front,train,fdce04a486fde7278f9846c2b81baf819f3f584cd32040ba471c049114aac475,443a4d9494cd0a8c,,True,512,512
def_front/cast_def_0_7468.jpeg,def_front,train,8aa237151e32fc292d9a3577db8a3f644729e6d2891d271f9e1320cd76bcf23a,b4e9cd9696cc399e,,True,512,512
def_front/cast_def_0_7474.jpeg,def_front,test,e7ae9d9245f4361ec7c12b6c631b54f103736a340c345ea4c0d6c9dc528977ab,d03c0e96964f2386,,True,512,512
def_front/cast_def_0_7475.jpeg,def_front,train,cd2269a10a128fa1adfb1e227398ef680cd8d20a9fcfc408fec6c2d7c8968668,ac668f96960f3f9f,,True,512,512
def_front/cast_def_0_7483.jpeg,def_front,train,c5275bd652db2f37414c4291dd8948c3bb4d2a44bb3c3b8396a6e8bb0fa39a96,334dce9696cefcf1,,True,512,512
def_front/cast_def_0_7496.jpeg,def_front,val,9060926212ccd710ec68a7106847552bba94be2c738e169272ad3186edca025b,07079692964c3986,,True,512,512
def_front/cast_def_0_7503.jpeg,def_front,train,a67f61de8c3e4b5f6c7e1eff6db0d1ef005950a2f153ded73ef4bbefd3cd92ff,0e238d96b68c7996,,True,512,512
def_front/cast_def_0_7510.jpeg,def_front,train,96e68687d42a112dea66556262a8d766a3073902c2c81f23eafa6452a0eb0240,86238f96b69c0c30,,True,512,512
def_front/cast_def_0_7520.jpeg,def_front,train,e038bfa338b2d50b82574d3b645c59d18dbd2c57b6fc34579f7aa09612772917,922d4c96d64d230e,,True,512,512
def_front/cast_def_0_7521.jpeg,def_front,test,632ab959931e7c12a717167477e9ef7ef1df6ca9fb26eee42a010969b82b011a,32498c9696cc639e,,True,512,512
def_front/cast_def_0_7538.jpeg,def_front,val,9eebaef532531726cdd229b935b2f1d22f24c48246d15f302bfce6c17b0c0bcb,9b392c16174d31de,,True,512,512
def_front/cast_def_0_7540.jpeg,def_front,val,070c2cfe8b0511370ee9989b5b212b7610dcbfd5d43b0d6c6761b4aed600dac6,9e3f4f13134f2307,,True,512,512
def_front/cast_def_0_7549.jpeg,def_front,val,06e7578016540c910f9938b0a73e84359ae1a7a40d75ca0e824e1f460921d5e1,9e61cc96b69e4d37,,True,512,512
def_front/cast_def_0_7553.jpeg,def_front,test,3004d5326e5d19b7a87cb209a6fd7414b6d0b1fc1717bc64d674eabf8d3ed8c5,170d8e96960e2cb1,,True,512,512
def_front/cast_def_0_7554.jpeg,def_front,train,d8bbbb30f3d55a5055d667a79eca5aa0860be7739c75d61df48dc4c1897ea07d,8747cc9696cc2d9b,,True,512,512
def_front/cast_def_0_7556.jpeg,def_front,train,572d263b13edd9dd5ab54bc4f7bfd54d9f8dcbf23dc58877c512c9f32d9be8c7,0f234fb3331f3f9e,,True,512,512
def_front/cast_def_0_7576.jpeg,def_front,train,abf6a9a85659abde54134547d91190a0e45181dcf8a047f82e6b909055019039,9c234f3733574f07,,True,512,512
def_front/cast_def_0_7581.jpeg,def_front,train,0e4fb94ce5b9e49057fca7c1b450ca4d9fd6593be9ef30ee97ccd6458d454c50,b12c0e92928e0d13,,True,512,512
def_front/cast_def_0_7593.jpeg,def_front,train,2e3d43b6091c84ecf8f5e84f8de6f9534dd8c396489616538e0ed4058e70f848,26c78fb6b69d3b16,,True,512,512
def_front/cast_def_0_7596.jpeg,def_front,test,a8161c25335fe2b67c3e9454de4ff7bd81d045a3ac2c1ab0cea9f96a6d244b40,b16c0e92920f0307,,True,512,512
def_front/cast_def_0_7599.jpeg,def_front,test,39700140d0ba622e4f4f6a0791727a358d1d94f50cf3795a5df9cea719fa3645,86234e96964e9912,,True,512,512
def_front/cast_def_0_7601.jpeg,def_front,val,49d3382b6875de52561d37e564e8afc10593de232a5ed04886db08b822058079,b661cd9696cc2996,,True,512,512
def_front/cast_def_0_7603.jpeg,def_front,test,c5d57b7bed82d8517451487e9ea885e6ab065de1f304d9c7a0d6a30bfa06af53,244b8fb6960f3f9f,,True,512,512
def_front/cast_def_0_7636.jpeg,def_front,train,19a3533d0ef84330e47313deda8bc23d976b0486f69b8799de153a6b6f528189,8e634dd6d64c2d9f,,True,512,512
def_front/cast_def_0_7664.jpeg,def_front,train,b4e3f67eb48301ccfd5598cfc6c883b4fea5c8c82e7e7b2b099e005dd24a4c34,83380e9692ce4307,,True,512,512
def_front/cast_def_0_767.jpeg,def_front,train,53bc1a19f8aa1492ac018856918d13966554721b75f107db4a7d710ff2fc09a1,86070737170f1b0f,,True,512,512
def_front/cast_def_0_7684.jpeg,def_front,test,4c72449b334ccebafadd02567a7972143a7e0bada999f286073230d98c6a8421,1649cd96164c6814,,True,512,512
def_front/cast_def_0_7694.jpeg,def_front,train,44aaa0574f01ca960fe5fdd33e763d6652b8c718c62dd17e5e565ab48989a7be,3269ce96968e4d3f,,True,512,512
def_front/cast_def_0_7698.jpeg,def_front,test,70771cc7917013271f4ac83ebbe7112bfee96eab3767bf9ce1339a74af1f1c7a,9269cc9696cc298e,,True,512,512
def_front/cast_def_0_7722.jpeg,def_front,val,bbc858314ae3e64eb8cce82074c33058cd0af95639e36c036c3ed80050a063e9,92994c9696cd6926,,True,512,512
def_front/cast_def_0_7724.jpeg,def_front,train,71e5fa5ac85111e16956030dc1403c1719b6147ca6213e2438b1277f8fa2ebc3,92390e16978f2317,,True,512,512
def_front/cast_def_0_773.jpeg,def_front,train,dee73962cc4b847f5b74e58f22a7fa3997ecc03392d3b9ab6768c8b50406b17e,b269cc9696cc6916,,True,512,512
def_front/cast_def_0_7736.jpeg,def_front,train,4209bec4e5b68d85f32f44202e727709c0faa72df07f9ab51e47dc581dd4271f,9c62cf9796cc791f,,True,512,512
def_front/cast_def_0_7745.jpeg,def_front,test,f2f12c63bcbfb702e2a7663ad8557bb505526f1ebc10bc137fc47edefb751e18,8f0b5fb3b35f3b9e,,True,512,512
def_front/cast_def_0_7750.jpeg,def_front,train,3377acdd286d10817dd94fb703a86a7a8c6a05a087dfa79c60d530258b741213,b068cc9696cc6d97,,True,512,512
def_front/cast_def_0_7779.jpeg,def_front,test,983ffa80a01233591826b016953781cd24fe24dff96f949e45ea75b9224b0567,87230713130f1b0f,,True,512,512
def_front/cast_def_0_7782.jpeg,def_front,train,9a2913e391bddde9c376082b570c072d77050969bd8f5099e68e291f1e822802,1b1b153333150b17,,True,512,512
def_front/cast_def_0_7792.jpeg,def_front,test,b91fd8436fdcb9d7e7d199f2dc2245a319a9caf8f165448540075e2a0f7f3da2,0f0f0f1713071796,,True,512,512
def_front/cast_def_0_7793.jpeg,def_front,train,c7b79d8505e2446ad0411e3fe6496926f98169b666f3b4138f4b7eb35a6f002b,4b0cce9292c60787,,True,512,512
def_front/cast_def_0_7794.jpeg,def_front,test,d7b243f053ae64b10312f5683a4fa9fba5e481d3e12661d2851d2ce61f594886,364b8f36b60e3b1e,,True,512,512
def_front/cast_def_0_7797.jpeg,def_front,test,53b85d0b1b47aa7571825530a07e1f379fbcd5600b3df4c92b6a3fe145e2df9f,86034f97960c29d2,,True,512,512
def_front/cast_def_0_781.jpeg,def_front,train,62a0260a544ef124d2e2e204fab18d1c1ae22fa572ef3ee8180f095e8445a7ce,61cc96b696cc4937,,True,512,512
def_front/cast_def_0_7837.jpeg,def_front,test,5737abd5132431b92afeea883287fb1fa0bd0a2b49770826d5f8c9c426a64ae3,07234e96164e2898,,True,512,512
def_front/cast_def_0_7844.jpeg,def_front,val,0069e4d4db177e04386e279843727ac3b69dc8dc68ad431a8c7e708be9d35079,132b4f13130f3b96,,True,512,512
def_front/cast_def_0_7847.jpeg,def_front,test,69c1a084d664036e22fba29b942903523a974a1746f5125b4d4c0d8fa7041664,2643cc96968c1d1e,,True,512,512
def_front/cast_def_0_786.jpeg,def_front,test,42528bcbffdc552df9d2b80c66d1caa707bd5f69a4a3418c47aedfd691448361,26698c96968c4917,,True,512,512
def_front/cast_def_0_7892.jpeg,def_front,train,1da87a3ba94d27fa81ceedbf335a6fc0d99fe616cb46149e1f277abdc3a4b209,06030713170f1b0f,,True,512,512
def_front/cast_def_0_79.jpeg,def_front,train,f8d93ad258011692afeac45b2b7eb93adb1ad222f0baf702d88160780aac0624,070fcc96968c199a,,True,512,512
def_front/cast_def_0_7905.jpeg,def_front,test,2c5c22ea2dbeaddae52e03f3c6c4bf6ad49626806e7c3c50c7c10b2f39b204d8,dc3b0f13130f3307,,True,512,512
def_front/cast_def_0_7908.jpeg,def_front,train,c6c30398ab13a9100b3a5255a53522ad898506cac010df789d82790752dbbcb9,9068ce9696ce4f17,,True,512,512
def_front/cast_def_0_7923.jpeg,def_front,train,d5c019b3b588a98f26bd21c3b3f060e6d066bb8307eca7b2a2eb0ad8ee9b888c,8e070d94140c1992,,True,512,512
def_front/cast_def_0_7924.jpeg,def_front,train,22640d67820c9d90f30b3838ec9c9544d259ed28ee0a55a20f4918d4cbd32595,36638d96b60f3f8e,,True,512,512
def_front/cast_def_0_7933.jpeg,def_front,val,afafec57c286cfac7abca733d51ec3289ee473b74469833765b5fd6494dfc37a,b2690cb6968c4d06,,True,512,512
def_front/cast_def_0_7937.jpeg,def_front,train,47e57938cf4eb445ca11aa989a7fee2107dc9e35aba570b94f8b08e2f4451909,84330d95978d6306,,True,512,512
def_front/cast_def_0_7982.jpeg,def_front,train,222ba83ef5230557710037f5937d5fdc33f7e50aab4d1562e30fe75d6055ed0f,c0a20f17170f331f,,True,512,512
def_front/cast_def_0_7987.jpeg,def_front,train,c14eae0e67449e5c6ed491830b1d1b0650a972a8aacb6f5557ad5e0b89887350,8e034d9696cc6992,,True,512,512
def_front/cast_def_0_7994.jpeg,def_front,train,0dc651200d344b01c737c2caeceb8c1a49355051c7425e320cec181d308413a1,b4628d9696cc3b8e,,True,512,512
def_front/cast_def_0_7996.jpeg,def_front,test,d00ba74b3a2322ac6eaf887cd00eb819492e7772b0886ece94f26357e54a0c6b,8e034dd4964c3912,,True,512,512
def_front/cast_def_0_7998.jpeg,def_front,train,61e97e11f3b6019522b26660edd457f70b6abf1c7773936a1278902fef70ed2c,a666cc9696cd1f9e,,True,512,512
def_front/cast_def_0_8028.jpeg,def_front,train,f20cd580877664eb646ff3fcaa82ce83cf39aefc0e3cabab1428ce552b00faf5,9e0f1713134d1387,,True,512,512
def_front/cast_def_0_8045.jpeg,def_front,train,f71022f1082f15d62b5c153e118d887141b1d3f9f76e368c7f6588af8bbb0032,174dce9292864cb1,,True,512,512
def_front/cast_def_0_8049.jpeg,def_front,train,5cbeb0d8c1982532949e9be2eda6a65594b0a4e8c2aa4fbd4af926edb4de5b2d,b6634d17164e69b7,,True,512,512
def_front/cast_def_0_8067.jpeg,def_front,train,9defc5a10ed4b9f438f8948c62810e0d49e6c74605a2ef1981ed60aa159111e3,0e478f96968e1f1f,,True,512,512
def_front/cast_def_0_808.jpeg,def_front,train,fccec70b3288ae92ac8e19c8848b0e0bedb1cb7c98bfec08bf2ee92af4bba5b0,36eb8cb6968c1f1e,,True,512,512
def_front/cast_def_0_8101.jpeg,def_front,train,c2bf665efb8608b8a8a25cf77fe913faf0459149a134abfd1b158b873f0b5695,12290c96964d0386,,True,512,512
def_front/cast_def_0_811.jpeg,def_front,train,d0e41d575b9af98d23ca25bbe3a9ac37806853b12a9ce61f29ff060d4026b7bb,8f270c96968f0b8e,,True,512,512
def_front/cast_def_0_8112.jpeg,def_front,train,f57125de9591d6a34df6ef43a76882532030a455e86f681cd6e9ee0da3a54ad7,0631cc96968e68b2,,True,512,512
def_front/cast_def_0_8114.jpeg,def_front,train,733dd3221071869c039cb11234368a19093210d2b6e0362c0915b87a88c4f2d5,8e33cd96968c49b2,,True,512,512
def_front/cast_def_0_8115.jpeg,def_front,train,dd7aef64c326b338548e5ec072ac3561b3de322e45feee74f26d55abc24540bc,8f0f1713130f134e,,True,512,512
def_front/cast_def_0_8121.jpeg,def_front,train,9767f92cce184d6e690a66efc5b9d6ebc85ee2aeb16b15b4bddf955a62b61ef3,9279cc9696cc4306,,True,512,512
def_front/cast_def_0_8129.jpeg,def_front,train,24ecd06cf0b7086079fe9bf34790d676c9d97fbd196e1e8f172136c2ba2bef1f,0e170c9696cc2316,,True,512,512
def_front/cast_def_0_8142.jpeg,def_front,train,135eb27ad23b0997a8b21c86e83726181ea072ca699001d2bf2057aa76f79a28,b6374f16360c399b,,True,512,512
def_front/cast_def_0_8144.jpeg,def_front,test,320f14476c5d0752bfb5518eb3f3fcdfd0b578ec4fab82a2b2eb725bb681a859,32cd8fb2b28e3b1f,,True,512,512
def_front/cast_def_0_8149.jpeg,def_front,train,45b2fe85d94e5f8a50de058d48985b04ff1bb0d4105929031dd21d05f380bd20,1e1f0f13172b1747,,True,512,512
def_front/cast_def_0_8152.jpeg,def_front,val,2aba4c542000b0363b5f12848d74b02a61333b278a9de6959d6c07968b0183f7,d2390c96960f078e,,True,512,512
def_front/cast_def_0_8170.jpeg,def_front,train,296cac896e9d70185d867abc5a7348f2d81451291f3bf9bc5f6852ab8da50ea2,8e190c96968e0f07,,True,512,512
def_front/cast_def_0_8208.jpeg,def_front,train,c8ff528a8b65520b8f14e982d590901d80a480a275ad76c7bbd0025cbfa95e50,260b1533370d6b2f,,True,512,512
def_front/cast_def_0_8213.jpeg,def_front,train,aac0a7b9883f3969efcd7db0d8daa57224a0152b2183fa017d4c94bba0f0ce39,b6e98eb6968e378e,,True,512,512
def_front/cast_def_0_8220.jpeg,def_front,train,4259652d96c4ebdcf31ccaff5523d7fd49e78e81c3f93d6c6c462dacac36d353,94234dd6d64d2f9e,,True,512,512
def_front/cast_def_0_8227.jpeg,def_front,train,53d7fc3faa98966c95ae606fb65419d62dbf9c8977faa7603676db9fba363747,b14c1eb6b68e0b07,,True,512,512
def_front/cast_def_0_8236.jpeg,def_front,val,5af775df58cfea587b0cbf6c84b8dc7fcf8c73b30e81572cabe538ee674caf1e,8669cc96968c4933,,True,512,512
def_front/cast_def_0_8239.jpeg,def_front,train,dcb8fec338963e4c86721b51200927ac948bcd2fd525870ca1157689a4b1e6c6,07132f13130f9b6c,,True,512,512
def_front/cast_def_0_8278.jpeg,def_front,test,bb45808615ce74429f0011ef5dccf3f105caccca0b9e8e7f290389e4be942907,8e070d96960d9bcc,,True,512,512
def_front/cast_def_0_8288.jpeg,def_front,val,f4e168aa96e95e4be8a5f58b2b21310625ab19eb19eb1d71dde55b3e71fc0909,8e074c9696cc2900,,True,512,512
def_front/cast_def_0_8310.jpeg,def_front,train,7df07b5572b70a6a2575ad521734441490d2a67525333a3d76fa45a4afac6b21,91384e9292ce0587,,True,512,512
def_front/cast_def_0_8314.jpeg,def_front,train,4916991ae3cad24da2ae884bf9824ee60242cb0b2da4b0040414b75cf9981acc,0307969296cc3993,,True,512,512
def_front/cast_def_0_8321.jpeg,def_front,train,08c257d347fb3631d21873e0d73d265350939c4aea95879bcb4323b44cdd35b4,b1684e9696cc4d07,,True,512,512
def_front/cast_def_0_833.jpeg,def_front,train,5aa463ac907758c32bdc78befb2270f8a204d6ffa5af4889c271ef7c68e604f8,0765cc96160cb9c2,,True,512,512
def_front/cast_def_0_8340.jpeg,def_front,train,29e4a7ff5e06a0a11c5b094baef3c58465634b1b19f1351d6ac114699c28f62e,b269ce9696cd339e,,True,512,512
def_front/cast_def_0_8348.jpeg,def_front,train,2c20fe54715770ccbf3545be8cc99e86a5e5654a51f8108826c99c68e280c418,1223ce969206170f,,True,512,512
def_front/cast_def_0_839.jpeg,def_front,train,57abedccd7dea71514effc26a581ffb33d3816016bb292c79b183b8cd33e6093,8c264f96964d1f8e,,True,512,512
def_front/cast_def_0_8396.jpeg,def_front,test,02c69267790b86b5743f4103ad4d7dbb56e596b422bea4215363a44c141144e4,b269cc9696cd2b8e,,True,512,512
def_front/cast_def_0_8405.jpeg,def_front,train,2302778d805a0963a416aa0723163e84ce21041fab7ba5a0afb6804051ed94b1,93214e9692860c39,,True,512,512
def_front/cast_def_0_8408.jpeg,def_front,train,0ed1886346213c69eb51f4a85a0e4a0f4d435f135df856a382c9eee20cd77cb4,96290c9696cc390e,,True,512,512
def_front/cast_def_0_8415.jpeg,def_front,test,b6771a3d84d5212afe0bfc6ff32f67afb1391c6a70dcbee5e9a50d69dda70376,06034cd6964c19ca,,True,512,512
def_front/cast_def_0_8434.jpeg,def_front,train,ffc5249d89cb76d2561c1dcccc5c0bab263676f7e5775346d80cd9527dc441d0,334dce9696cc6830,,True,512,512
def_front/cast_def_0_8441.jpeg,def_front,train,faf19802d8e42ec8c1104d9e37885bc24c5f4a3fedd75bf0b2af59c11631df75,3663cf9696cc4d1b,,True,512,512
def_front/cast_def_0_8451.jpeg,def_front,train,3f38d10e303c3fef57a384032b47c9670bd343a8c63bf47a59f10cac2ca45644,8219cc9696cc4f0e,,True,512,512
def_front/cast_def_0_8467.jpeg,def_front,train,114a34d1e848c19836b0bde02b226315031d0b3c4798453045bd21933ccf4ea3,932d0693920f2387,,True,512,512
def_front/cast_def_0_8486.jpeg,def_front,train,5ef7337d653b494d56c227883f06af957b702c0dc7a888b5da228c1540b1fab5,124c4e96964d230e,,True,512,512
def_front/cast_def_0_8510.jpeg,def_front,val,a32471d3c2b94bc5cc4e9453c20cb1deb0df90deec874a405500fe90c2143407,9269cc96964c3b86,,True,512,512
def_front/cast_def_0_8519.jpeg,def_front,train,b0e43c72d6f80f76161d6d922a8089532edb136f125f7bc9d3d30f36719f4cb8,0f230fb733173b1e,,True,512,512
def_front/cast_def_0_852.jpeg,def_front,train,0979ebf667bcda9d66f87eee7295914adfe2ecfb09e932db15290b454e276cde,70cd96b6968e4d17,,True,512,512
def_front/cast_def_0_8529.jpeg,def_front,test,f63ae1d400024733a2ad98714d4591179fbafe4114b43e9ad8131e21b79601cf,b10c8e96964f338e,,True,512,512
def_front/cast_def_0_854.jpeg,def_front,train,04ac4f25049120279e6d9655d42a564bccfaec0b1d1bf7114de43e2e12ac511e,87030f92920e1c99,,True,512,512
def_front/cast_def_0_8559.jpeg,def_front,train,c1f69c0c32c89c2fdf9c868920326cfb49b8d2cea41d20e803f66de79c38be27,922d0e96974f2386,,True,512,512
def_front/cast_def_0_8587.jpeg,def_front,train,7c245712e2d8e11e30f942d4fd001aba9eadb1e105bc90685f889f81d0279c34,9239cc9696cc2386,,True,512,512
def_front/cast_def_0_8596.jpeg,def_front,train,b102c87474cf3ee1a498f799d76b6d1a946fa3e6f3e037f88041fa3c575c2031,912c0e9296ce6d23,,True,512,512
def_front/cast_def_0_8615.jpeg,def_front,train,05d3eb1db700157f0d8cc90480fdb35215b73fcf570a8b763297b733a382dc63,0e63cc96968c399a,,True,512,512
def_front/cast_def_0_8617.jpeg,def_front,train,d493d60f9063c08924991fc4d6a451d7b8b97401d501a68f720c36f79cc4a95c,84230f37370b371f,,True,512,512
def_front/cast_def_0_8631.jpeg,def_front,train,52bcdeff01c815d8c9c142471af6ac1a3b25bb2917459d5d6d7f47ac8228b642,8623cf97160e39d4,,True,512,512
def_front/cast_def_0_8639.jpeg,def_front,test,a6a66a802edd2d1dc32975ff8c52b391aead60579ba2db9a81b6a5ecd03c038d,3345ce9692966cb1,,True,512,512
def_front/cast_def_0_8646.jpeg,def_front,val,4ece4a93b41ebb5a9f24f58a774ded3ee0c6bdbd8d990980327cace189ef686e,966bcd96974d238e,,True,512,512
def_front/cast_def_0_8667.jpeg,def_front,val,fb93fe86860004cacfbef5aa23c244af3ef9ff5a26749238d217404c1ea007a5,8e0b8e96960c278e,,True,512,512
def_front/cast_def_0_8668.jpeg,def_front,train,15a24528c20c2553713d866b6996d713e6071f59df375ce2f85dc41db6b22e0d,934dce96964e4cb1,,True,512,512
def_front/cast_def_0_8675.jpeg,def_front,test,116b48b6993b40e96e5af846d1b9e13e675b7c538c31c38ee62bbe65e64fc106,cd160f1737170f8e,,True,512,512
def_front/cast_def_0_8687.jpeg,def_front,train,139fa59f8df47df848cf4bc33f9516427ce86f64b59e846d2a57078fbc8955d4,26678d96968c3d1f,,True,512,512
def_front/cast_def_0_8697.jpeg,def_front,train,0775a6767504000d8f810dd6a7540d1cf706559f789854e6aa38742275fdc269,26c78fb6b68c3b1e,,True,512,512
def_front/cast_def_0_8707.jpeg,def_front,train,3200d9bea2e5119a53051a9e0c1bc0bc2c683dd080bb2f7cf776b48ce1c4940b,86238f96960e3992,,True,512,512
def_front/cast_def_0_8709.jpeg,def_front,train,ffc9b791a1f5c50840026a470860961abc14ce23585ffe4a6c17a372e67f7a49,b71bcc9696cf170e,,True,512,512
def_front/cast_def_0_8711.jpeg,def_front,train,9356d989559ee643df8b5363a093347ea91fce53e78b9fabe392c998a77f7e90,04320915174f2204,,True,512,512
def_front/cast_def_0_8719.jpeg,def_front,train,750b252be4028dd27d0ec8c53f551b16f2fb19b6f514b2472098399bb0912852,b239cc9696cc6986,,True,512,512
def_front/cast_def_0_8720.jpeg,def_front,val,5428e481108cf5c49759d36cc735af7c92b8370c6a4d3dd837c9ecf5d07a7cdb,96634dd6964c2b9e,,True,512,512
def_front/cast_def_0_8722.jpeg,def_front,train,eb063e981e366f63fce1a177d57a8d4b926cb8a319981aa3f68929a4351bb4a9,16294d16964c2992,,True,512,512
def_front/cast_def_0_8742.jpeg,def_front,train,2696073bb623e38865cae771e09eed52058da0a71c165418c0fab8d315f0d20b,b462cd96964d2d96,,True,512,512
def_front/cast_def_0_8756.jpeg,def_front,train,1e34322f6177e678f6b0e01cbf222b646d2b82bc8bd7e664b65bc048fc049d6b,4cbb0c16d70f078e,,True,512,512
def_front/cast_def_0_8764.jpeg,def_front,val,ff8288b44c47e48a154e1e7cf3c2798786af06a1ed44d0ff61947f8c0c759c67,72c98c9696cc4917,,True,512,512
def_front/cast_def_0_8766.jpeg,def_front,train,dd40f5eed567e51c94000680780e19e3b0c709464b0257615f49852e86396394,92198e96968e078e,,True,512,512
def_front/cast_def_0_8785.jpeg,def_front,val,4047a62684369fe4882141c2d0b7ca35eb2e60e38ceede8069d64707153e228b,070b8e96960e6cb3,,True,512,512
def_front/cast_def_0_8789.jpeg,def_front,train,9cae0124e9270d71b47415f2704db63d5afebfb433a8d317aeb7226464609ea2,16294d96960c6993,,True,512,512
def_front/cast_def_0_880.jpeg,def_front,train,0645588a75d912c1ca4ea9c86760a42df7944dbecd0f0884cb09f99cde943784,8e234d96960c99da,,True,512,512
def_front/cast_def_0_8813.jpeg,def_front,val,7994302af5f293e74b5670b041b90049d7aad7a9c009b7f7115cfa06668af1e5,b26dcc96d64d6b96,,True,512,512
def_front/cast_def_0_8817.jpeg,def_front,train,e6719cbdae6b837c5a5dcf38b961f3d186a82a9c8750ee00306c2a9f66b83afa,334dce9696cc0707,,True,512,512
def_front/cast_def_0_8822.jpeg,def_front,test,21afd6ae405f5408a98c756e0e0a4b8eed72b895dc2635d806dff341068b8276,0460cc9696cc6b0e,,True,512,512
def_front/cast_def_0_8831.jpeg,def_front,train,fe21903105f6ee31c17255e681fa1ddfd69d0518687a0aeae3e7505598433a00,9279cc9696cd338e,,True,512,512
def_front/cast_def_0_8838.jpeg,def_front,train,f2b30126b235da3496381c6a15fcc6a83c27f3e19e5b65be9185125b5bb52a9b,b2690e96968e2306,,True,512,512
def_front/cast_def_0_8844.jpeg,def_front,train,0fc32edcc2124a0456a2adac9641113c53bc23550daf4ce5a1db066b7b3b5421,36638d96b68e4d13,,True,512,512
def_front/cast_def_0_8848.jpeg,def_front,train,951966cdfd1bb979f2bacffb12ab09203f7fd9370983632af3adaa9128502e6e,866bcd96960f3f8e,,True,512,512
def_front/cast_def_0_8855.jpeg,def_front,train,41d379d7c3e9f724e4c88a01fa96dca345322e1af701ffb5780df8e6bd098cba,d2394e92924e1386,,True,512,512
def_front/cast_def_0_8867.jpeg,def_front,train,f305113c76edc39a34ff4dc28008296e97e4edaa0db71b8376ce41484928c0a2,a66bcd97964d3b8e,,True,512,512
def_front/cast_def_0_8899.jpeg,def_front,train,2d4017565898f2978883e1f14af5c0b18757c4bbf2edc720fb2c143e4297634f,26e98cb6968c491e,,True,512,512
def_front/cast_def_0_8948.jpeg,def_front,val,dc29225d7050c7bc9df32993a12e408548a3a6667da10c0ab6e8c39543e1eafa,d8694c9696ce4d13,,True,512,512
def_front/cast_def_0_8954.jpeg,def_front,train,28d69776d4de4008c59b8ef11946d1045abc1ab5e31cd3d6529b0a9d98a512ca,04320b17974b6204,,True,512,512
def_front/cast_def_0_896.jpeg,def_front,train,35586efa0768f193733cdf6f4cc2193fba41883fb2b270b2bda1256a16be1b0b,b269cc9696cc6186,,True,512,512
def_front/cast_def_0_8975.jpeg,def_front,train,ce2918114eed0c5fa992b1570f9f192a1e3e4701230cc2fcd78778de273c3e80,1e1f0f131327130f,,True,512,512
def_front/cast_def_0_9021.jpeg,def_front,test,4f9f7205966f287718ab6e1b8d23d2c1f42498d73032aebe12068a06fa65c643,92190c96960e078e,,True,512,512
def_front/cast_def_0_9023.jpeg,def_front,train,1d612997a0b63aeb799396e8f72365ee18c145ba55e213169809d1beee1cf87a,94394c96960f038e,,True,512,512
def_front/cast_def_0_9025.jpeg,def_front,test,978fd7e15915d00007980e5257325352a64368e6b821836fd29683ad143cd0d3,9a398c9696cc630e,,True,512,512
def_front/cast_def_0_9038.jpeg,def_front,val,afd739bbb86a8c9d69f316b2a6057f56348d30e3ce0b0754a4b1a3cf67488768,8e034d9696cc6992,,True,512,512
def_front/cast_def_0_9051.jpeg,def_front,val,e3ce9e9a2ae74c28e349d5f075f1bf2b04b0948af573b8934791cce2ad654f81,8e394c9696cc2386,,True,512,512
def_front/cast_def_0_9060.jpeg,def_front,train,f30c0c98503d3a27c4969d8bea6656f14b944a9b3c9b21dab4fc10d65de94679,0e4f8e96968c5902,,True,512,512
def_front/cast_def_0_9067.jpeg,def_front,train,79bffc4b06c76867b6700c9ea45526aa87253cf1c4671483eb2cf0ace541c4ad,8723ce9296ce3892,,True,512,512
def_front/cast_def_0_9068.jpeg,def_front,train,91b78de14dc47fbc3827b724d29276ed54ba33cc5529f97ae446c572ecd34488,0f0f0f13130f1396,,True,512,512
def_front/cast_def_0_9075.jpeg,def_front,train,90b747a206599cdd4452e434346a5c5d7d98f707ca55a785b4db1c8465945b3e,de234dd6d64d238f,,True,512,512
def_front/cast_def_0_9079.jpeg,def_front,val,e20e6bb78b85842cd1e8bebabd763d84d1a66c39e8bce3d8b1b7876ad456888d,b668cd9696cc0916,,True,512,512
def_front/cast_def_0_9084.jpeg,def_front,train,7ac9395ec8942d229e57221267ee547cd627b0080518182c717db612a206743a,932b17323215091f,,True,512,512
def_front/cast_def_0_9098.jpeg,def_front,train,f101307ef7c031c0453f69e746e5abb347cafefcde3861e76a5046f686a36449,8e078d96960d1b8e,,True,512,512
def_front/cast_def_0_91.jpeg,def_front,train,88c168b5eecd5928437227146d20f21f46b7b88b1db65a6e468ce1fd18ce1611,86071737370f3b0e,,True,512,512
def_front/cast_def_0_9139.jpeg,def_front,train,4f19e79d62f6301c8291f72966b5a4dccc6b01a6e22bf607fedc11d7a2d65089,06030f96920e9dda,,True,512,512
def_front/cast_def_0_9146.jpeg,def_front,train,02b1445852e112915f893739a87f3dff0798f1d2ef7d3ddf0cf31ec970f3690b,1048cc9696cc6506,,True,512,512
def_front/cast_def_0_9163.jpeg,def_front,val,f06dfc01a07b2b32a2d9bdfe7204bb8e8ed37785a82d6b7c448abdfb2c79a0a8,936dcc9696cc68b0,,True,512,512
def_front/cast_def_0_9175.jpeg,def_front,train,cef23fe80453e2f03f6f7dae80e7c884fb453af113243ed08084c97a847c5f6a,92384e9692864d13,,True,512,512
def_front/cast_def_0_9180.jpeg,def_front,train,59354ee30709f598efc1506eb71b4f48780c5c008ed1cbe9411f8e814eadedc8,86238f96969c0c31,,True,512,512
def_front/cast_def_0_9188.jpeg,def_front,train,1afa6bc50680a16f7493256012c2fd0e26b1e385111cc6c1c76a885af53ceb3c,9e63cd96969e1f1f,,True,512,512
def_front/cast_def_0_9206.jpeg,def_front,test,3f627aae2dede544d41014421dd725fe65b70f7e357fe3713b8828898f27b9c0,b16cce9296ce6d13,,True,512,512
def_front/cast_def_0_9211.jpeg,def_front,train,3e4af7773d57940a43505a72e4d6ceda570764cd1cb5611367148b6aaf143401,1721ce9696466cb0,,True,512,512
def_front/cast_def_0_9227.jpeg,def_front,train,198cee5f40d1b91e770bfc77a68df64bdedc99ce1a425667cd7f216fd9f0d3db,9268ce9696ce6d97,,True,512,512
def_front/cast_def_0_9234.jpeg,def_front,train,75a4587b9dc5fa296cf525e44d8e7cc81a561274a8752140b421e411145549be,71cd96b2b68ecc33,,True,512,512
def_front/cast_def_0_9262.jpeg,def_front,test,969af4a18759f3ad556d91146a51815e4939f9ee5dec27554c23c7b9f359f5e4,2ec38eb6b68e3d1f,,True,512,512
def_front/cast_def_0_9276.jpeg,def_front,val,39fda04ba274fb4afc496a656672d8492733f65eb74fa7fc2b30c5d418433fd3,b462cd96964d3b8e,,True,512,512
def_front/cast_def_0_93.jpeg,def_front,train,9274879dc4d883e427530ea41ea560476fd2968c326d973286ffe3e0cc999ade,07238e92960e7892,,True,512,512
def_front/cast_def_0_9320.jpeg,def_front,train,b1a8329bbe5cd32fc714b95a736fe11b9f645d7901518d530f809476a5307138,0f0f0f1713071786,,True,512,512
def_front/cast_def_0_9325.jpeg,def_front,train,f8fe300dde6bc44c3bc49d71a34ee857ee96dd6897684e27bd10f1cf01d8d55d,3647cf96968f1f1e,,True,512,512
def_front/cast_def_0_9328.jpeg,def_front,train,00ebeae5971b7727799f6915c514c731faabd13873e9f8b981735eebb7d5736d,b6634f17164e399f,,True,512,512
def_front/cast_def_0_9333.jpeg,def_front,train,1f619e6079e3be13e15ed24c6932feee8277f059e5e2008f7079c4b858fa433d,66c38f96968c3b1e,,True,512,512
def_front/cast_def_0_9339.jpeg,def_front,train,66f706f0fbfd52a75329469820a2e7d3e3a746412735e25f8cc4126fe2a8396e,f2e9cc96968e4d33,,True,512,512
def_front/cast_def_0_9346.jpeg,def_front,train,4d66ab6aeda6ecbe54fe275478b8ebcdddf7feb701967ca100067080e3c73bd3,0829cc9696860f07,,True,512,512
def_front/cast_def_0_9356.jpeg,def_front,train,07b27fff3ae15d82651128ce25e0ad967ebfd86ff7d1669b2956dba086d267b9,0f234f1333172f1a,,True,512,512
def_front/cast_def_0_937.jpeg,def_front,train,c4f42f9a69ae86acc5c41fea7bf2b5097ebeccc1f801462f38fd93723509f15f,07078692920e1d9b,,True,512,512
def_front/cast_def_0_9378.jpeg,def_front,train,3a2f480ae60fa412fe444b365023032c75509b9319f9e0b275af6b034655f6af,b269cc96d64d3986,,True,512,512
def_front/cast_def_0_9379.jpeg,def_front,train,71a07969a2bbf56274999fcf2684559076b391df77550472b9860eb569cd35f7,8663cd96964c3992,,True,512,512
def_front/cast_def_0_9388.jpeg,def_front,train,299bdf26d26a9ecd53e6c2e777372902b61c1b69218794799c828d5e737ff088,8e238e96960e39d2,,True,512,512
def_front/cast_def_0_94.jpeg,def_front,train,f5d375cd389415bd3d9cb81c812568d167f6e88d66bfdfc5b68a48a83145d847,966b4f96964d2b9f,,True,512,512
def_front/cast_def_0_9403.jpeg,def_front,train,177a1c0c4da206d84855ff986e892d29e54731dc7a42f4445a0fab7df285077a,8f0cce9292c64707,,True,512,512
def_front/cast_def_0_9435.jpeg,def_front,train,5deddacb807901e6e077fd525ffd181de3a1af904baac3d68592ff4588546d8d,b663cd96960d3b8e,,True,512,512
def_front/cast_def_0_9453.jpeg,def_front,train,57dfe4729fb12cbc2c1e6e9abbc7ec8f869817d47af8129b5a94583fee18c527,1769cc96964c6992,,True,512,512
def_front/cast_def_0_9454.jpeg,def_front,test,1a286cbc74999814b49e154be6b515b1ff59c5a10d3ea3c23a2ff8113e4579de,9e170f17170f0f1f,,True,512,512
def_front/cast_def_0_9474.jpeg,def_front,test,bc582afaf512b7fa982a62fe3e5247dc02040826c8fa2d246a52499de789e7d6,b60f1733174d2f0f,,True,512,512
def_front/cast_def_0_9475.jpeg,def_front,train,868fa01f7734f6cec2881e2fcf51d1658091b41ded5c0998f739a164c327ac43,a4688d96940d3f9e,,True,512,512
def_front/cast_def_0_9477.jpeg,def_front,val,fd08f486dfab21ba8ba167e351c6eeb77b9b133558eb947d719469ce02c76c2f,b14c4696964c2397,,True,512,512
def_front/cast_def_0_9480.jpeg,def_front,val,80a06570e911dfffba3f7667e1183061c71b62f57e48ac565d61e1eab8e96b95,9661ce9696ce4d9f,,True,512,512
def_front/cast_def_0_9496.jpeg,def_front,train,f4fd960bfcaee82f116a33c47ee21ab8d51776a5a774457deb90a7ded364d37e,9f794c9696cf6b9e,,True,512,512
def_front/cast_def_0_9498.jpeg,def_front,train,8e40ab3ce01eaf51ba6cde5683bc7c395f573be6624cdf136447f7a22548f5b7,c4334d94944d0b86,,True,512,512
def_front/cast_def_0_9507.jpeg,def_front,train,89655798e81bb8c1a522d818a6568335d22e3e2944c9a5d5a811c57095d6a40e,32eb8f96b68e1b1e,,True,512,512
def_front/cast_def_0_9520.jpeg,def_front,train,ddb82f759248c3c316b6543d54fcce2988067706faf252cd83b53c8bddfc10ab,94628c96b68c3f1e,,True,512,512
def_front/cast_def_0_9540.jpeg,def_front,train,acb6df5873f65f051de7adc786f0efd1491c9123598441a24ccfed56de36f06f,8f0b4f13134f3b9e,,True,512,512
def_front/cast_def_0_9547.jpeg,def_front,train,4ae1d91891a196402afab04ab7f9726caaa198451d04e66f3945fd5c096b1edc,9e67cc96968c0d8f,,True,512,512
def_front/cast_def_0_9580.jpeg,def_front,train,a14fcc18b7b60e62868657ec6f5a723f176c2e7c1a15e6c10b1e21c340b1b0cc,8c170f37370b1f1f,,True,512,512
def_front/cast_def_0_9582.jpeg,def_front,test,ac2e1908b494b24becad3ba1f0f9fcd933a21b9128912a000f610bb5b73cb440,b368ce9296cc6907,,True,512,512
def_front/cast_def_0_959.jpeg,def_front,train,1334953f3778ba4a34c7effa03a845b9ecede2673b591efa94a1b90249b278d2,1f1b0d3737150396,,True,512,512
def_front/cast_def_0_9591.jpeg,def_front,val,64b06ec9892620c6976e8898024bf352eaa06ba6ab9587cc770c9f8382195461,8369cc96968c4d07,,True,512,512
def_front/cast_def_0_9613.jpeg,def_front,train,4d989b7ffa57b817e6de8c89db66836a53e0679ff00fc07a326b397cda0ebefb,b661cc9696cc3d8f,,True,512,512
def_front/cast_def_0_9615.jpeg,def_front,train,11edfcd0a0044aa58fcf2ee3e3a2850196e2af5b929ef115ad76868705f2cf8b,9e3f5733134f2387,,True,512,512
def_front/cast_def_0_9619.jpeg,def_front,train,d23fefd5b74fd98a3dc6034cd938ea9b369513cad5902cef2549187878bb2be5,063dcc96968e69b3,,True,512,512
def_front/cast_def_0_9623.jpeg,def_front,val,0e519706084a4e5cac4a7f829a35033ec55092b44025b8f5aeb59cea77957b15,b6e98cb6968e330e,,True,512,512
def_front/cast_def_0_9637.jpeg,def_front,train,bb44c79690f405cacafd4b8d29302cae94a783de1d038c43b8ec9c788d14f220,1a094c96964c078e,,True,512,512
def_front/cast_def_0_9640.jpeg,def_front,val,ec04cd0b81aece15d2f27809440ab90ff94050d99dc3826cdace17b51fde6f22,9422cf96160d1f8e,,True,512,512
def_front/cast_def_0_9643.jpeg,def_front,val,142a165d3c2eade4580ac582715f28f5cc368140fa9ae22ef9d0c95161cbf926,d769cd9696cc2b8f,,True,512,512
def_front/cast_def_0_9644.jpeg,def_front,train,d6e3db2ec8a60fce69f77a749931cf8a25dfa54359ce1537ee9c79335c542c32,324d0c9696cc6907,,True,512,512
def_front/cast_def_0_966.jpeg,def_front,train,c7677eb0c43515df2cb7ac3ebce2564bb62b15530b21e2fbcfb85e77814dd1ef,06030f96920e2c99,,True,512,512
def_front/cast_def_0_9669.jpeg,def_front,train,5c0955b14381a7ad21da612accd1a3eeb0bb51c791675c7caea7de3ffaa21f32,b269cc9696cc6996,,True,512,512
def_front/cast_def_0_9683.jpeg,def_front,train,54f98b3c89639a89a0ef0f6dc5f861b6b52254d7a176b4ea8e9e073b39dd0a52,314c9e9696cc4917,,True,512,512
def_front/cast_def_0_9687.jpeg,def_front,train,c4ada708c7994a6dfeb9d348e4712cc667c77fa34f09aa3459ed1e504c289c3c,f1ecce9296ce6193,,True,512,512
def_front/cast_def_0_9737.jpeg,def_front,test,81b0795277ead35c18cdf469cea1ba5ab2668c0f5d0aacc00a73a7395ef9fa46,070f1737170f378e,,True,512,512
def_front/cast_def_0_9750.jpeg,def_front,train,92aefbfb0fab6df329bffabd32a2c29163ebe5c8b0ca043b827e3551d00e6a95,134cce969396cc79,,True,512,512
def_front/cast_def_0_9755.jpeg,def_front,train,c26dcb88c4ee9a0fc9f3f4ac8139b1d99eb0aa765d64f568922d2d85e564fcd6,0d070f1737171f16,,True,512,512
def_front/cast_def_0_976.jpeg,def_front,train,d0e1af3e208624e161f1565a67b559a401c039a6636330dba265d50d8f5393e9,b269cc9696c64d13,,True,512,512
def_front/cast_def_0_9780.jpeg,def_front,train,f677e9bf8a72ab199c728689f6eb41ebddd35b41f553f54946f5f0e7b7cd054e,1749cc96b6964c30,,True,512,512
def_front/cast_def_0_9817.jpeg,def_front,train,a39ffe2f67060e694d67fe4f4f4c10fc5e6ea8a1eb05a5c497a41b4a9865bfdf,963b4d9696cc69b2,,True,512,512
def_front/cast_def_0_9836.jpeg,def_front,train,ee010e4179b89b247809fc77229dd9bbd1e6bd6c6817c8e353a99d9706b765dc,966b4d9494cc69b2,,True,512,512
def_front/cast_def_0_9854.jpeg,def_front,test,3bb35aa9c94cda907fb4b61e4e23e5f9b3dad9f3a1ffdccc2a88911ddfd18568,0f334f1313573f9e,,True,512,512
def_front/cast_def_0_9857.jpeg,def_front,train,add30097d0ee6716b862d3a34bf1769c497aaf02a38ca59736e5346cc2172c2a,86070737170d171e,,True,512,512
def_front/cast_def_0_9872.jpeg,def_front,train,74058b8bdcdf791cf011ea1e29cfd85f89e801be96bde35fa86572edd8a2df87,b36dcc9696ceecf1,,True,512,512
def_front/cast_def_0_9873.jpeg,def_front,train,2d71e945f078a14419fec6c2772c2ed1b985c59c1717f453e374c5e1bf8964cf,9c3b4f17134f0b8f,,True,512,512
def_front/cast_def_0_9877.jpeg,def_front,test,526ccdc4ab9d95a0815076eaa5e212c96cf60dce392002aef295e104a6126300,8e371f37170f0f0c,,True,512,512
def_front/cast_def_0_9879.jpeg,def_front,train,63a79a6efc5f0efe4b55486a4e84d46b0f8d79b4e828e6675ff0490c95e0f7d7,0f0f2f1713170fb2,,True,512,512
def_front/cast_def_0_994.jpeg,def_front,train,11a5b65f4b6a429b865d8429656b96ca89dd8cd5c973d36fe1d3dda2c19cd9d7,31698c96968e4d23,,True,512,512
def_front/cast_def_0_9963.jpeg,def_front,train,9e8b7a611994f3c838a776ecbc7ae5141b69fb73b9fe4754727bf0d356942b4c,8f61cc9692c66cb9,,True,512,512
def_front/cast_def_0_9980.jpeg,def_front,val,48291e044907117f99d5e2e4d59bf4d4641071731e39fa2972df9bddab911573,b661cc9696cc338e,,True,512,512
def_front/cast_def_0_9995.jpeg,def_front,train,f03606b75fb7a74148764bc91f531a4a8fd727efd95f05fd46cb2700518299ee,966bcf9696cc3f9e,,True,512,512
ok_front/cast_ok_0_1018.jpeg,ok_front,val,3aa162d75ab4edb8a195bd0154471381eded8e5621d8434ee49311e28c963f7a,330d0707170f0f2f,,True,512,512
ok_front/cast_ok_0_1021.jpeg,ok_front,train,fcee002eb8b6947d0b837b6547d931c7b948f8916f1c2f1961e75374b26354d9,86030533170d2b1f,,True,512,512
ok_front/cast_ok_0_1028.jpeg,ok_front,train,10d99360aa0e3f6ed23a22d80f2de6b45c8e27816260b7b982872e9191f0cddf,1e4d8c96b68ecc70,,True,512,512
ok_front/cast_ok_0_1074.jpeg,ok_front,train,f4bf29f447aef65b9f6f0100af2c09d8834b1f1e57abc91bb2359602ff6683c8,1f0b1d37170f0706,,True,512,512
ok_front/cast_ok_0_1082.jpeg,ok_front,train,ddfb5c64b13f7b5d77683dc916508c75ca959bfd43c6c40e3b9bd9d0a8852100,060f1733170d270e,,True,512,512
ok_front/cast_ok_0_1083.jpeg,ok_front,train,f780ad032d456cb2f106ea76d066a2172776926d71d6d2dbd229e8ad335074ae,b4638f96960c3f8e,,True,512,512
ok_front/cast_ok_0_1091.jpeg,ok_front,train,a1cad8e40c6eb926e03577e25a87170a2427f6283b3da250261fa1c33eecf0ef,163b0cb6b68fcb72,,True,512,512
ok_front/cast_ok_0_1092.jpeg,ok_front,train,8905f53c5ff4bb00d2e68c4a28e6fd8dbb19790fdb037d144ea02d1bedfca578,b6638fb6960d338e,,True,512,512
ok_front/cast_ok_0_1102.jpeg,ok_front,train,9c7517b28f1e47c09d0f158120939f95a3b64d224d15e9b2af835d0732f5d3c7,92794c16968e4937,,True,512,512
ok_front/cast_ok_0_1144.jpeg,ok_front,train,aaac433ac4c46cbda8a30a8c53ce4d07b25358735113316be4613f249e62b2a4,71cc96b2968e4d13,,True,512,512
ok_front/cast_ok_0_1155.jpeg,ok_front,val,f0a87b08173bf07b7669ea8877b514e47d97db5e3e05c0ac2556043f47ffd409,16134713931f0f1f,,True,512,512
ok_front/cast_ok_0_1187.jpeg,ok_front,val,79f7ae81764e0b7e968ded42ddcd46fa6c2cd37cf2ff4885e29540aad33bdfae,1f374d1733170f07,,True,512,512
ok_front/cast_ok_0_119.jpeg,ok_front,train,277c9c4b33b38cd9c3e3f688670b7cdae5e24fd1ae0ebdf714f6d98b2e46e225,cc328f97160f3b8e,,True,512,512
ok_front/cast_ok_0_1192.jpeg,ok_front,train,ed7966acb2a98ede7eb044424b36194f28863e31e127c7f78f81cbf9ca068d65,8f1b0f17170f0fdf,,True,512,512
ok_front/cast_ok_0_1207.jpeg,ok_front,test,06fc3beb0c61e862b041dd89d87ebb9280f5e3c847ee773374cb8bfe3385c750,070f1737370f3717,,True,512,512
ok_front/cast_ok_0_1234.jpeg,ok_front,train,77032c99bff19f83e63078342aab86052905ae20d756e56b63f6c69f9b1fab0e,32cb8f96960d3b96,,True,512,512
ok_front/cast_ok_0_1265.jpeg,ok_front,val,a6c0bd2545521a781bbbe328d01705923764bb4be3d2901158a0b9399213a563,060f1737370d270e,,True,512,512
ok_front/cast_ok_0_129.jpeg,ok_front,train,623605088c0ec20215f6aa003b6196c0cc551a23c2cd53fed07d512cee12be3b,b663cf96160d138e,,True,512,512
ok_front/cast_ok_0_1290.jpeg,ok_front,train,bbac38a11951aa8cff9ac26a6080e7063fe38d74a8e7361e5ce7679739c4669e,1f1b0d37370f0306,,True,512,512
ok_front/cast_ok_0_1344.jpeg,ok_front,train,eaafc9e7e0fa4fa7d8e6747e2282463c9a15e10918e2c637934fe133797217c5,0643cf96960c3992,,True,512,512
ok_front/cast_ok_0_1362.jpeg,ok_front,train,aa2a077a9f161e3339f702b5e9b6742a2c923df8ce1087ae6dc454340b53e9c1,1f371d3737170f07,,True,512,512
ok_front/cast_ok_0_1392.jpeg,ok_front,train,af4addbd622375ae694d5763005ef941b8e6c69dd3d74cbe0fb2c14029cd3b43,8e1b4f93b31f0f9f,,True,512,512
ok_front/cast_ok_0_1429.jpeg,ok_front,train,16f72dbcbd9fab3ea89b87350624cfefe978117d058e50c9e59cbf6adfb67636,9e3b0f16978f32cc,,True,512,512
ok_front/cast_ok_0_1445.jpeg,ok_front,train,38bf7bd74a294c86086d1c26d1f0b73c6d8d8708baaebdb16799d54562838ed7,4f0f0f1313070b0e,,True,512,512
ok_front/cast_ok_0_1450.jpeg,ok_front,train,7810883d0980c0d0e636f63273fc4bd29de906ad22376f42a4aafae416114cba,b2e88e9696cc4d0f,,True,512,512
ok_front/cast_ok_0_1491.jpeg,ok_front,test,1d312e0adb3b850803c527e6afc3fedca480463106fa9f0d892974ff5c346725,0f1b0f37370f0706,,True,512,512
ok_front/cast_ok_0_1559.jpeg,ok_front,test,7e993b9d51a60b04a455f96e8ac3d02be7ad122a2e4f6f3762a5ec2597a39904,0e070f17370f1fcf,,True,512,512
ok_front/cast_ok_0_1568.jpeg,ok_front,train,27a481aa859f7897f094800a1a62bad06e8f259cc41f13ce36e4f8b696311358,b12c0e96964f2396,,True,512,512
ok_front/cast_ok_0_1573.jpeg,ok_front,train,2f2be5cb7ce55b7b86a215e75fb140c12771239287dfd6a1b62286c9c74b0881,8f0f0fb3b3170b1b,,True,512,512
ok_front/cast_ok_0_1584.jpeg,ok_front,train,6026e80c5a72b55015510b2794b30bd393196f12706003561374ab995274507b,06030d373215493b,,True,512,512
ok_front/cast_ok_0_1588.jpeg,ok_front,train,a06e77ae4c8a4e23393bbc47481c692f65873b99f0a692db008751c2bf523e26,07030f1737150b17,,True,512,512
ok_front/cast_ok_0_1589.jpeg,ok_front,val,6b228f1ea9394f19ba49cef918748c0296db56e397e12f7fe3b2811bbe14bdae,17498eb296cef1b3,,True,512,512
ok_front/cast_ok_0_1592.jpeg,ok_front,train,7ad519ecc9539eb05d56dbb2b77244a80a8e363ab8558072d74235a234387412,06030f37370d1b1f,,True,512,512
ok_front/cast_ok_0_1604.jpeg,ok_front,train,243892a499ffae7edbaf3fbc9165f50fd2db010eaecedd713f22678449ada28c,72cb8fb6b60c2d17,,True,512,512
ok_front/cast_ok_0_1634.jpeg,ok_front,train,80cc629231e4ec82ca356a3335ba9c9625db8997a426f7079cf4f758fd50b5b1,0f0f0f1313071307,,True,512,512
ok_front/cast_ok_0_1644.jpeg,ok_front,train,d61e4cca1a24e39b8cf60548094ed8f5507b9889d82addfb0304baccd0de3f2b,070f1733170d371f,,True,512,512
ok_front/cast_ok_0_1665.jpeg,ok_front,train,9c438529375105d4c0bfc488f6f24943c7a47f0cfcc93f930f43a40e8398cad6,443b0c16964f0386,,True,512,512
ok_front/cast_ok_0_1682.jpeg,ok_front,val,5ad3fc32e985ebc0721c91ae1626f7d99771c0425510256438488a34785a2eb9,86070f37370f1b0f,,True,512,512
ok_front/cast_ok_0_1695.jpeg,ok_front,val,cc5237ab5a3f9ae1593a4d46d08d998939d970884a81ef23c1c72807df7c3c83,b12c0e92964f2386,,True,512,512
ok_front/cast_ok_0_1715.jpeg,ok_front,train,6a91e829cb9deec19b1d4a1c72ee7aba96e36be830a0f00012d6c6865ea8b4b0,4f1f2f1713072f87,,True,512,512
ok_front/cast_ok_0_1723.jpeg,ok_front,train,64444b1668db9d7703e04d8ce94f9aeeb7833d566444018613285b16a3f330b3,cc330e1697970b17,,True,512,512
ok_front/cast_ok_0_1755.jpeg,ok_front,test,11e8f896ec175e4e85b051197bc9cc32d30f10a01d0119418b7a04fbbba7468e,070b1537370d1b1f,,True,512,512
ok_front/cast_ok_0_1756.jpeg,ok_front,train,7676655cd8c9c582b84d36d2055a20b8ddd6282f9228936e7724f906c471cb1e,072f4733134f1f9f,,True,512,512
ok_front/cast_ok_0_1761.jpeg,ok_front,train,5db8868060420bdce0a60574257d43fd55a8e02abf1852ed80e47739432d7709,0f1f0f17130f0704,,True,512,512
ok_front/cast_ok_0_1780.jpeg,ok_front,train,25a9510d0acb0a85241b3f4cba497cd1903f39d8e726ecfde5c281beef28d14b,074b8f96960e3992,,True,512,512
ok_front/cast_ok_0_1817.jpeg,ok_front,train,9c3f3cf8f7c139ff6e3ae6994b997bb792e861a56050932ff9ccaccea4980593,1e0b0713170f0f0f,,True,512,512
ok_front/cast_ok_0_1825.jpeg,ok_front,val,4d51f7c4583ea3123221e51854d05329624218c0b8a1286e91ebf3cbcd1bf68b,9e0f1733174d2307,,True,512,512
ok_front/cast_ok_0_1853.jpeg,ok_front,val,314f54a6468cfa0368035889f106e716697c6aa3387c738d3212afc3b1ab5a88,1e0b1d37370f0706,,True,512,512
ok_front/cast_ok_0_1863.jpeg,ok_front,train,c3dd788aec7d72c63478b39c18a1f478cba7c31f0b2bb93891bd2177a07b93f6,83030513170d2b1f,,True,512,512
ok_front/cast_ok_0_1879.jpeg,ok_front,test,be2e035076571b77b17f93d40d7ab0855de8d43a9aa1020ca3436c79c3559a9b,9f1f0f37370f070f,,True,512,512
ok_front/cast_ok_0_1933.jpeg,ok_front,train,a96b524e42308ae7785bc0cf885e51104c75ac7d9b7fcff7445e17489775e9b6,1f5b8d37370d4306,,True,512,512
ok_front/cast_ok_0_1936.jpeg,ok_front,train,c1bba01973fa9f98fc1c213d49b46242bfd15995682b01fdf164d556cc526485,84220f97160d3b96,,True,512,512
ok_front/cast_ok_0_1959.jpeg,ok_front,test,66a3910e1b3be32cecb8eeb5f96472e5556977b84e2450beeb043e0c0d8729e0,0f0f071313070b1b,,True,512,512
ok_front/cast_ok_0_196.jpeg,ok_front,train,555628e42187ce9bed29fbab9962c655b7c5aa134f356b6a1c96d4bb3ee52d2d,0e4d8c96b68ec832,,True,512,512
ok_front/cast_ok_0_1963.jpeg,ok_front,train,b468a5c7f677ac74b28a2389304aa64aa997f1ccc4b26a9b123483a00321f329,90394c1696cf4b16,,True,512,512
ok_front/cast_ok_0_199.jpeg,ok_front,val,6f756d76f43be53b3aef8490087fa8083bee063e8bb1be84363e51cc709fb644,963d0c9696cf6332,,True,512,512
ok_front/cast_ok_0_2005.jpeg,ok_front,train,7cb3fb897b126895c43fd53496156afd0be91c6fa42eeaf53c8ce59875a2f65e,1f3f0d1733170f07,,True,512,512
ok_front/cast_ok_0_2046.jpeg,ok_front,train,798b91fc2c5774bd0acfa9031014ba3ba2b065128578a7956e634344e8442815,86234f96960c99d2,,True,512,512
ok_front/cast_ok_0_2054.jpeg,ok_front,train,c3c643140d101f973c2794c73886638b9b4b31e832e7c9f170e7be32ec709d0e,0f0f0f171f1e8d63,,True,512,512
ok_front/cast_ok_0_2060.jpeg,ok_front,train,c61f5f1be5bb1b182ce532e433078401d0634e23552e23d00b16ac4268ef43f3,8e6bcc9696cc68b6,,True,512,512
ok_front/cast_ok_0_2083.jpeg,ok_front,train,4b370cbfb6318d0507082240eefd5a4fbd9110fb8185b45a61f0988d45d7e62a,9e3b0d1696cf6bb2,,True,512,512
ok_front/cast_ok_0_2100.jpeg,ok_front,test,cb4fc86312c4191cf4583271ab47a38871d872a0c5f08ff0da64e1f638cb4b99,cf990d165667b3dd,,True,512,512
ok_front/cast_ok_0_211.jpeg,ok_front,train,5c621cf27b7adecf02e98e7cef7dbae408994a084eb2d5e51bc1b81699bab1f0,86234f96960c99d4,,True,512,512
ok_front/cast_ok_0_2117.jpeg,ok_front,train,c21cbd63c8095627b4ebe6c522806deccce593a78f0db00b8d1de0fd74a527f2,1f0f17931307170e,,True,512,512
ok_front/cast_ok_0_2138.jpeg,ok_front,val,193d6030dfa9a735ad4d4d03909c52e8908f5a67d41a66ed3c8137d35d6a0c6f,0f0f0f1b07070e31,,True,512,512
ok_front/cast_ok_0_2152.jpeg,ok_front,test,64c45ec43cc1e3914b849ee895ebce7cb64ac9316ba516797cc4dc21573c99d5,232d57b3134f3f1f,,True,512,512
ok_front/cast_ok_0_2162.jpeg,ok_front,test,f8a7ca6562fffc8f80e95b560250da3fb60bf7b446075b1b6dc3c0fc35a1588c,8f3b4f1333170f9f,,True,512,512
ok_front/cast_ok_0_2180.jpeg,ok_front,train,42b33cfdd9926b0c423a1a3842e3e7257dfe80c3db83f8e88139e1445b6c049a,26468f97151b3204,,True,512,512
ok_front/cast_ok_0_2208.jpeg,ok_front,train,6ef436798c5cccda7b3e71cb4328e8df4ffd25840e133fb6160ffd9225c12b1e,8f371f37360f0f07,,True,512,512
ok_front/cast_ok_0_222.jpeg,ok_front,train,e68be7eef7a523369ea8e6f1b7c8b0edb43aa00d16f93ee258c8094b8d3d8d5a,07034d1333170f9e,,True,512,512
ok_front/cast_ok_0_2235.jpeg,ok_front,test,c112e1411b3b05c34457e63b7c1d4b09bf31a06af79b5f96ee8aa3696ecb0967,0d0f0f17370f278f,,True,512,512
ok_front/cast_ok_0_2241.jpeg,ok_front,val,907ed1f79ee1e5500e38c5aa21f0fab4da881b3b88a2773f7b3b1f7d7e74167c,92390e96968f4317,,True,512,512
ok_front/cast_ok_0_2244.jpeg,ok_front,train,adcc2efa2aff304fdaa97b70efad6b050efe84c8171b02c9bedc90bb5fea61c3,172f0d9697cf63b6,,True,512,512
ok_front/cast_ok_0_2268.jpeg,ok_front,train,0f698a9c0a1fea9aa5a955c0336da1e64b3b90be133c40d1054f49a82f7dffb6,c4330e16970f2316,,True,512,512
ok_front/cast_ok_0_2271.jpeg,ok_front,train,3ca695fcdc361a8f8666aafde99b6359fcf130a2cb91860694634d88ec92fb2b,cc368f97160f3b96,,True,512,512
ok_front/cast_ok_0_2288.jpeg,ok_front,train,da1684ce9f898bb1e5bf117d69a9caa27a2c2754fd3182ffa8ee0689203a59b7,060f1723370d230e,,True,512,512
ok_front/cast_ok_0_2295.jpeg,ok_front,test,13a481eebf901eb1f7ba286d0be262c426da9b88e49eb1e72ebb37467d51d11f,b26b8f96160d338e,,True,512,512
ok_front/cast_ok_0_2301.jpeg,ok_front,train,91b8f9fc6e43d027b8aa514df23a34071627986c557a06631e141209b0dff97e,0e270f3737170f06,,True,512,512
ok_front/cast_ok_0_2315.jpeg,ok_front,test,0cdb58379ca791b3acbfc0f32dc1988acbee8b1d5a51ba6e4d5b8e6aa208a775,963b0d1696cf4bb2,,True,512,512
ok_front/cast_ok_0_2322.jpeg,ok_front,train,3d8c8582b120d6406d3e78b13f8186b42e6db1d564b9182a82af2fbaceb5742f,b669cf96964c2997,,True,512,512
ok_front/cast_ok_0_2351.jpeg,ok_front,train,1e7f5262660a0ed88e4d73272b79700932c90758f1ecad04dbd28d9c1c88ea08,b361cc9696ce4997,,True,512,512
ok_front/cast_ok_0_2379.jpeg,ok_front,train,b24a0d4fc0686f4d815d625982acac9570f354d5ffa84ca615dac0744f55fcbb,8e234f97960c2992,,True,512,512
ok_front/cast_ok_0_2394.jpeg,ok_front,val,aaa0c27ea2c6a2ef46cd686c7018bd79d697bf2936a65b174d81d7a7ad5771c8,9463cd97964d3b9e,,True,512,512
ok_front/cast_ok_0_2417.jpeg,ok_front,train,9d7fdcdceaad849f6f4f9dceab547dd49024d025e274a8354c089b5437c7a26c,b2380e9696cf4306,,True,512,512
ok_front/cast_ok_0_2437.jpeg,ok_front,train,a1185c7a6d8324188d01c917712e65642a3810760563593da641267db6d561fb,8e034f96960c39d2,,True,512,512
ok_front/cast_ok_0_2456.jpeg,ok_front,test,2014eb2fca25452b63eba0dcaaa9570c6a4a1b528cb31c0bebc74a3de53f803f,cc328f97160e3b97,,True,512,512
ok_front/cast_ok_0_2472.jpeg,ok_front,train,2d4c3814352e90bd188c02bf7a50ea88966a73a09c9e09c286417544a028b657,0e1b0f17170f0f0f,,True,512,512
ok_front/cast_ok_0_2482.jpeg,ok_front,test,965e4e152ef91a8194dfa35c6ab7a0cd1e37f734225ad6a0bc2d9b10b569df5c,17498692164c3992,,True,512,512
ok_front/cast_ok_0_2505.jpeg,ok_front,train,8f672afa5f76f5d54258f56b73f5a79bafa5300c5e51bb432ee169245e56fba9,86070737170f1f0f,,True,512,512
ok_front/cast_ok_0_2514.jpeg,ok_front,val,f77a53ab3e95ff95c7cded1e4b43b94b3706ad3a56d6ea0e8c5e2dd2c7db1bfc,1f0f079313471716,,True,512,512
ok_front/cast_ok_0_2525.jpeg,ok_front,train,2d4e8d08d0c9591c7e730da73fb8965f428276bfab0340dc372b50913b71cef3,0f0f0f071f1e0f22,,True,512,512
ok_front/cast_ok_0_2541.jpeg,ok_front,train,764f74635e2df3332ca79ecf665a8a746b005dee299e9c9d04dee1f55353b1fa,1f2b0d1632150393,,True,512,512
ok_front/cast_ok_0_2544.jpeg,ok_front,train,c586d5b8a0ddf5ce6febc5130103334e438d03c71c2a292c3f68980b84bc5998,07234f57375f3f9e,,True,512,512
ok_front/cast_ok_0_2588.jpeg,ok_front,train,7013a6184ac42b2b3e66d668aeaae22016bd374f0cf0677da789e21cc958798d,8e3b0c9696876394,,True,512,512
ok_front/cast_ok_0_2605.jpeg,ok_front,train,629de57c235a75dcc436801ab4ab605443db9ad8c8d02343e3a1cf879903f806,07038f96960e3992,,True,512,512
ok_front/cast_ok_0_2614.jpeg,ok_front,train,c3853af850b8433686bb7e9f11583e2e937e00bcba649ba642a2ddbf45c29ae7,930b1533150d2b1f,,True,512,512
ok_front/cast_ok_0_2622.jpeg,ok_front,train,ba6b15ee0d23d170e4b034e865f835c468df6533b6f3cd49483ff2f9ffa4e819,0c628f9515193204,,True,512,512
ok_front/cast_ok_0_2643.jpeg,ok_front,test,336f3b8be2b704af78b5e87fa93ced6b13c55d410b523d7d994c6fad461825fd,3b0e0707170f0f0f,,True,512,512
ok_front/cast_ok_0_265.jpeg,ok_front,val,c17659f14b6f6909e54506cdc9234693e27eb9bfb014353c659c6efd9fe1853c,06638e92964c7986,,True,512,512
ok_front/cast_ok_0_2695.jpeg,ok_front,train,a34efb0b032a18d191fd053b7fe3301f0c2d18ce525116bcd185903d104aa062,0d0f0f171f1e0d23,,True,512,512
ok_front/cast_ok_0_2697.jpeg,ok_front,train,d6afac7df88ba90d72695a80d13c48efc471c3e77fa1b4c59c7374333c5d9127,c4b30c96964f238e,,True,512,512
ok_front/cast_ok_0_2720.jpeg,ok_front,train,0079116b7b3c879bef5f4a641cdc88df4061acf5a3f5faee3dc92bc7d41c506f,df390e165667b3df,,True,512,512
ok_front/cast_ok_0_2721.jpeg,ok_front,train,6302980d20cc400d3befa437a49b2ea45061be98d245f5e48f499b88f326687c,1f1f0f1713572f07,,True,512,512
ok_front/cast_ok_0_2722.jpeg,ok_front,val,c35148d1c90d297c1ea02956fcd1e5fed7df55d3d77b61c3d5f9f7250298a251,96390d9696cf63b6,,True,512,512
ok_front/cast_ok_0_2738.jpeg,ok_front,test,806aa1059475388b66ed462d94bdabf9055150ca73afaac5253ac240ca590e5f,9f0f1733174f1b8e,,True,512,512
ok_front/cast_ok_0_2746.jpeg,ok_front,train,a9d4c9bfe2d131329e328b20d92af19284ebd062eb74ba9f55d30e95b6acf8ce,1f0f1733170f1307,,True,512,512
ok_front/cast_ok_0_277.jpeg,ok_front,val,44b3ae2ef12b8d9274507584d0e5ace04f1ac0eadc1762ed2de1bdbfacbb2042,cc3b0f16970f2386,,True,512,512
ok_front/cast_ok_0_2770.jpeg,ok_front,val,286c834607383cb42ac8188ed0c09f5ef258da03d4cb7a050d10e0ba1398df6e,04321915b58f620c,,True,512,512
ok_front/cast_ok_0_2771.jpeg,ok_front,train,b69b86a28b5bb949d7e2faca14e6eed5bb0110afbe976b4249acdf54c829181c,963b0e1697974b37,,True,512,512
ok_front/cast_ok_0_2781.jpeg,ok_front,train,38229ed718b79c3c68dec7de9cb0cc6fa6c7b96952d64b8fb38a7e2c2cd1ebe4,1f3f4f1737170f86,,True,512,512
ok_front/cast_ok_0_2784.jpeg,ok_front,val,d614776de9d113a633dc86dd159999443dc490f66db2ee6948a7773aeeb3cc3c,0f1f0f1737170f86,,True,512,512
ok_front/cast_ok_0_2785.jpeg,ok_front,train,0752e7cfa3edfae196e422ea9bf2e522e343d316f6ecc4e6fddf29a8e381ddcc,86234d96160c39c4,,True,512,512
ok_front/cast_ok_0_2816.jpeg,ok_front,val,cca68f073cec15e55f4c31411719f12f90d099341e9791f863977d54c74b0157,8f171d3736170f07,,True,512,512
ok_front/cast_ok_0_2818.jpeg,ok_front,train,130c947065700a32417ca8f9548eca4f9f4c81a3e5b4c24e396e77fa36fa49b0,1e1f0f13170f070f,,True,512,512
ok_front/cast_ok_0_2819.jpeg,ok_front,val,b2a5c7e37d9189dfbf54067ad9af6ee8eea4386abd7d088dc8fcd098a094fbec,1f0f0f9313471317,,True,512,512
ok_front/cast_ok_0_2865.jpeg,ok_front,train,f2ab776080696ea9125f0ce423869b7ac0953e5c7feecf2dc9c268ffb3cd142c,9c62cf96960d3b8e,,True,512,512
ok_front/cast_ok_0_2867.jpeg,ok_front,train,cbf8537ee3be909819cbf896f7fc8d0db94db78329bf08ef0729bc48d899cb00,4f0f0f1b07834e39,,True,512,512
ok_front/cast_ok_0_2967.jpeg,ok_front,train,19d5084809add526070e9eabcae18f24504dde52d2e55d986b92a88808a7505f,07274f13131f2d1f,,True,512,512
ok_front/cast_ok_0_2989.jpeg,ok_front,train,d856053c02dbf9288caa72f168af8d60621ea1d85564c83e11c1cedf1a34b45b,0e17071393170f1f,,True,512,512
ok_front/cast_ok_0_2992.jpeg,ok_front,train,e8e26bec4eab1317f2f392fcd4c8a90d9a41848f5e44ef42d441ffa059246581,ddb32756160f99cf,,True,512,512
ok_front/cast_ok_0_2997.jpeg,ok_front,train,41bd59b4dff0f54355102247b22b725ae23d3cc4b4d0dc4fa214d03b620ec348,33499eb6b60e68b0,,True,512,512
ok_front/cast_ok_0_2999.jpeg,ok_front,train,5f093a148956922e90a66271c6afc03458412096c943b478843a24314a50aba5,070f0736371d171f,,True,512,512
ok_front/cast_ok_0_3025.jpeg,ok_front,test,0521479422df8abf804f4874046f56a41df93c3c4d6dccc6c9182a53979b9af1,92394c16968f4b17,,True,512,512
ok_front/cast_ok_0_304.jpeg,ok_front,train,a324c0e46277f85bac675e7c67a94a6f2a639651e1eea9828a27411f097f23a8,0743cf92960e3891,,True,512,512
ok_front/cast_ok_0_3049.jpeg,ok_front,val,f608225578552bd07453fea7b627271ac142a0f11844df0551645a2ca037c233,9e3f5737574f2307,,True,512,512
ok_front/cast_ok_0_305.jpeg,ok_front,train,d36b795c1ba1f0259fa5551c69f59c40e01c4a8e05081f6c17ce91e847534a68,1f2b4d1632150383,,True,512,512
ok_front/cast_ok_0_3064.jpeg,ok_front,train,a6bfb28228cf99bb524f53020d1fc8ad253d8eb006734649dc35d739acc0cf78,972d0c9696cf63b2,,True,512,512
ok_front/cast_ok_0_3102.jpeg,ok_front,test,74bdbfb70063756cfe1435742ddb9e8d033edf04f60e7b16d11e550d8d4c19e9,1f370f1733170f07,,True,512,512
ok_front/cast_ok_0_3106.jpeg,ok_front,train,2518685b62ef2cb7c66cc8c43cc3d83df48ea2df5afd27a9897e5830f8040ede,963b0e16b7974b37,,True,512,512
ok_front/cast_ok_0_312.jpeg,ok_front,train,c1969226f8217c3dd3068cdc37e46508257498a96d2ab371920fe7be0dc8a040,9f1f0f37170f070e,,True,512,512
ok_front/cast_ok_0_3136.jpeg,ok_front,test,9155eced8bd764c7dd14430dd9fdf94b8e856ead1948130e15b93397776c078e,5e1f0f13130f0707,,True,512,512
ok_front/cast_ok_0_3138.jpeg,ok_front,train,38f63a8195e0d73ff7b2ec99aa05267651bba3dea6201e87a134ca6f355d9f35,33e88e92968e4917,,True,512,512
ok_front/cast_ok_0_3181.jpeg,ok_front,val,47ba0f9c637c36ab2c4fb8daf9744b497e2b507083da8c363973dad5a539df01,72cc8eb6968c4d0e,,True,512,512
ok_front/cast_ok_0_3186.jpeg,ok_front,test,cdbe816c43405575f35bfe4d83bf35382df8fee8f88d941fbf7247c1cc06a4b8,1f2b0d1733150386,,True,512,512
ok_front/cast_ok_0_3199.jpeg,ok_front,train,7050cfe5b2483ae99c3485f6e261af01545531403e5ae421eeb85fa85764abea,0e270d3733070f06,,True,512,512
ok_front/cast_ok_0_3214.jpeg,ok_front,train,68819f8d26bef01641cf55326d4917914d2f2a24d71eba89d299a9371506b87c,060b8f96160c3b96,,True,512,512
ok_front/cast_ok_0_3246.jpeg,ok_front,test,49293956679c155362011599ee720eea0fcabafc2574c0b1756c591d2bc2d947,0e0f1737371f2f07,,True,512,512
ok_front/cast_ok_0_3250.jpeg,ok_front,train,ae597e408f3f0acad7dbe8cbe657e0d2f2d2de8110a00adbd71926435baa753e,0713471393130f1f,,True,512,512
ok_front/cast_ok_0_327.jpeg,ok_front,val,fa7d23bb4b55eab677eaee1c9f5b0634eddce5724322ab70f3b3acea36bf613f,17438e96964c7992,,True,512,512
ok_front/cast_ok_0_3304.jpeg,ok_front,train,52c396178634956bd712180ac32a144542c9eef983c513b3d4435569e75677ad,362f5733574f2b07,,True,512,512
ok_front/cast_ok_0_3336.jpeg,ok_front,train,c61bafcb76b42727f66cf59e3f600a7ee9810eca79405a8cca864c48add82611,9f0f1f33134f1b8e,,True,512,512
ok_front/cast_ok_0_3337.jpeg,ok_front,train,3eb246cc65129bbda6bad34e7dbd7759937bfda3e4a560dc665f406bff30fde6,130b1533170f0306,,True,512,512
ok_front/cast_ok_0_3338.jpeg,ok_front,val,93a1a0e261af5625dcd8df6a64c026c6085a2f2276f00c93f22cb07978fb796d,4f070f17131f1f9e,,True,512,512
ok_front/cast_ok_0_3371.jpeg,ok_front,test,57e73d03513b80cd9e54b990eddf0a75c76d143cb5597188960eba1f46c01cbe,0643cf96960c3992,,True,512,512
ok_front/cast_ok_0_3386.jpeg,ok_front,test,39bb8b09056550669b08cd5d8e9230b94a0aa31399ee3005d1381a16339be310,04660f97971b3204,,True,512,512
ok_front/cast_ok_0_3402.jpeg,ok_front,train,40816c3c7e8cc659d6ec7fd82fe9d0214a8d33ef052dc2dd69c21488947cbe5b,9663cf97960d2f97,,True,512,512
ok_front/cast_ok_0_3439.jpeg,ok_front,test,317e3a002ac71495f1d96e6bd17b540af56412f2779a92f8b3660425754e0116,44b20c16964f038e,,True,512,512
ok_front/cast_ok_0_3440.jpeg,ok_front,train,bee3959428e270da4997848a360146d023684cca23b3ab19a72f1f316a720f3d,060f0f37170f270e,,True,512,512
ok_front/cast_ok_0_3449.jpeg,ok_front,train,36f81bd73405916e5c188394e03ea165633ff253ac0664d6ffa5dee10873bff8,31e88eb6b2964c33,,True,512,512
ok_front/cast_ok_0_3465.jpeg,ok_front,train,bfd210e18c123aa5369bb34ff0e8cc90d73238cab568ceb5f0d7a24ffa8f69b9,234f1e1f170f0f09,,True,512,512
ok_front/cast_ok_0_3498.jpeg,ok_front,train,912ddea56e70fa64634659788e44cdfb5d9a84a305398034061259c384fd8b4a,070f0737370d3717,,True,512,512
ok_front/cast_ok_0_35.jpeg,ok_front,train,70e47a22f5e63b567c2fe3d99f64a4183204a893ff8683bfb3949990c50c989a,9623cf9716062d13,,True,512,512
ok_front/cast_ok_0_3500.jpeg,ok_front,test,f974466697a16ed4436d570f70bfa288120c572c27fd2639c71a309639711c40,87270f13170f1f1f,,True,512,512
ok_front/cast_ok_0_352.jpeg,ok_front,train,aef2df6741de5c82c28e59de1ffa14ea239d54580564247b5223981c8c38d9e7,70cc96b6968c4d17,,True,512,512
ok_front/cast_ok_0_3596.jpeg,ok_front,test,8064f7289789653b4e1e406bb15a096db5cda966708eecd48b024af51b560f72,0f0f0f1713070b1f,,True,512,512
ok_front/cast_ok_0_3654.jpeg,ok_front,train,88e20d516eb7f9599031ed6753594b006e13263e9d0016922d89a985c79bba03,86234f92920e2892,,True,512,512
ok_front/cast_ok_0_37.jpeg,ok_front,train,da78dda59d8419b516409081665991399f9858da65c74470de2efc61490529c6,1e3f4d1333070f06,,True,512,512
ok_front/cast_ok_0_373.jpeg,ok_front,train,1df7183e5e8217255eb314caea1a7162dc1e76cdd405569c206e2f48db2a1d44,367f17b3b34d6b07,,True,512,512
ok_front/cast_ok_0_3736.jpeg,ok_front,train,e8ef421c126c0527231c0326d7f24a21e92dc1aefc8f55492a7fbac41e9cc58c,070b8796160c3996,,True,512,512
ok_front/cast_ok_0_3764.jpeg,ok_front,val,3b28053710962acdcc9bf4473660231d82dc67acbba16debfdf338250b9dac5a,4f0f0f1b07834e31,,True,512,512
ok_front/cast_ok_0_3812.jpeg,ok_front,train,425bb1169701c855b5cb2b4dc0e1dfffbb833347bb2897e12569e555414a708a,8f0f0f13b3071b1f,,True,512,512
ok_front/cast_ok_0_3820.jpeg,ok_front,test,3a8898db75f20e2885dc131affc524ed65c9935418bb08abffeae86d30517dd3,060f0f13130f1f1f,,True,512,512
ok_front/cast_ok_0_3842.jpeg,ok_front,train,cd4d9577c3953ef552e34e92cb06198f992cb31576cb9bb94db250f3ebd9fabe,d6b30f16160f99df,,True,512,512
ok_front/cast_ok_0_3846.jpeg,ok_front,val,610a56dd26a9dc0bbe6fd666000eab5115d894f43facf9b1cc8899fc65ef5b93,1f0f17131307174e,,True,512,512
ok_front/cast_ok_0_3868.jpeg,ok_front,train,c8a45857269ec0810ea20726c9ddf8ae6f0c2fee52e9fc63e712dd1a3daf058d,cc26cf96960d3b8e,,True,512,512
ok_front/cast_ok_0_3869.jpeg,ok_front,train,c1deb11892048019a7e16bed6a7d67ed979fa915936591c0949301f27304e4b7,390e8707130f0f0f,,True,512,512
ok_front/cast_ok_0_3870.jpeg,ok_front,train,8ab36186c7b46ed3130ef81cc6e8dcf5fc40684e16b541f6cbb8eae381cb64f0,07234d1333170f9e,,True,512,512
ok_front/cast_ok_0_3897.jpeg,ok_front,train,afa27f442b3331eb5396a4c180ddea27166c671ef356caaed6c13f37cb2f4967,08660f97171b3200,,True,512,512
ok_front/cast_ok_0_3906.jpeg,ok_front,train,be7b0bdd9b4e98cb838a6cd5a05b7a2aae7d085214580d1679436a46bb804c0e,8f1b4f1313170f9f,,True,512,512
ok_front/cast_ok_0_3916.jpeg,ok_front,train,c580cb9ba7c1d108acf361a5c921fae887c15eb67da8f4d2ea112169ac7c7fb8,86234f96960c39d4,,True,512,512
ok_front/cast_ok_0_3966.jpeg,ok_front,val,31a7223fe73cdf372ab38d69eb4d50052e9686ce7820120d20cd2bca9053e487,cc338f97160e3b9e,,True,512,512
ok_front/cast_ok_0_3973.jpeg,ok_front,train,3496569354b7a357ac5055d1719fb2f3b33c1fe53c44441315711aa355f71c22,164bcf96164c3980,,True,512,512
ok_front/cast_ok_0_3984.jpeg,ok_front,train,7a3b02a45c693ab125b743e2e981bf81cee434d5af3aa8560a8649451cd8ee5a,dc62cf96960d3b8e,,True,512,512
ok_front/cast_ok_0_4010.jpeg,ok_front,val,4fec6b1c3c3b61881b1358e97a47218b8960a65bcf5c40433ef4986f05738ab7,86071737374d1f1f,,True,512,512
ok_front/cast_ok_0_4020.jpeg,ok_front,train,4a8acbf6b1e86fd6111c741dc37bfd5b0c593238795aaaa8a6a10b748c82568a,0f274f13134f3f9f,,True,512,512
ok_front/cast_ok_0_4031.jpeg,ok_front,test,461e4ee0564bbd881c1995bb407a1a81e53b6a5d4318875f713896446d3f2a81,9e3b0d16968f4b32,,True,512,512
ok_front/cast_ok_0_4038.jpeg,ok_front,train,3c576163b7698950872a748af0c92adaf6af318d5a9099a9f2e87e21f6cbbe33,06070f37371d0b1e,,True,512,512
ok_front/cast_ok_0_4059.jpeg,ok_front,train,29db3f4cfb8294075ad99dd77d4ef7c994f32915e29cca35376d3bb7716a2b9c,1f0f13b313473387,,True,512,512
ok_front/cast_ok_0_4081.jpeg,ok_front,train,a4bd305b77b297007b3218e57470252e651293b77995c4dd8c334b637593f268,1f3b0f37370f0306,,True,512,512
ok_front/cast_ok_0_4082.jpeg,ok_front,train,ee88e8444782e0c88ae2f1b708c0771037446d44c4cbc390bc03c7f5603ab5a9,8e23cf96960c39c4,,True,512,512
ok_front/cast_ok_0_4087.jpeg,ok_front,train,33f03d1ed50f8a15b95f59391e2b18bef9985f7c6d9a8ddb4a9fc0ba73776826,8e1b4f1333170f9f,,True,512,512
ok_front/cast_ok_0_4141.jpeg,ok_front,train,57af6a1798f6102cc5a5aba291b38dd02bf9ac19b2f37b0570ca7cdbce23733e,0e074f37371f1f9f,,True,512,512
ok_front/cast_ok_0_4168.jpeg,ok_front,train,c8762c57cde26f2b9eaf2e87119ac3de8e17aad45c3918c0c2a4c2b8c49f68a5,17170f3737170f07,,True,512,512
ok_front/cast_ok_0_4177.jpeg,ok_front,train,afdccc719c106aade9fed426809e2255d7019aff3270a3e6c36621ee32f25db7,0e270f17170f0f06,,True,512,512
ok_front/cast_ok_0_4201.jpeg,ok_front,val,b2b34a148079804fc3458f05182fe775396c99c221976fab184c8f6119a39c09,070f2736371d3717,,True,512,512
ok_front/cast_ok_0_4223.jpeg,ok_front,train,4badf72d5d3481395fdb332b2e1c4af0d0b858367b89e5c9c4bdf0f1bfab4aad,1f371d2736270f07,,True,512,512
ok_front/cast_ok_0_423.jpeg,ok_front,train,16336b522d7c17701c86d902f652f047ca1e3389633213813f383d0f70834cf1,d2380e9696cf0386,,True,512,512
ok_front/cast_ok_0_4247.jpeg,ok_front,train,83aaa5a34481a3f74a52044bea08418c749e15ec56f26fe9668d9f13f2a9dd78,32e88c9696cc6b8e,,True,512,512
ok_front/cast_ok_0_4265.jpeg,ok_front,val,eca8706badeeb6cfb28401ae946b7a782303d35435eeb5abdade3d7cd803f1af,1f0f0f931307170e,,True,512,512
ok_front/cast_ok_0_4295.jpeg,ok_front,train,544ce511fd5fa2e8d5bdb7681c8559aafa1ec8115e4811d6ed8a2ae1f18e1e4e,1f0f1733170f0306,,True,512,512
ok_front/cast_ok_0_431.jpeg,ok_front,train,4f85d7ae0b80d2272c08591e580b4ab1a4302485224a9d3391cffe14655d051c,1f1f0f1713572f07,,True,512,512
ok_front/cast_ok_0_4358.jpeg,ok_front,test,bb2e9d9de568352f7f85abeecbc7a5eb5f17c1335fccec93336018fba5d1dc45,06170713130f0f1f,,True,512,512
ok_front/cast_ok_0_4405.jpeg,ok_front,val,6dc13cf3728e700d9714984866337084657f0b58e6b95bfca88b237a94f0005d,b63f57b3974d2307,,True,512,512
ok_front/cast_ok_0_4413.jpeg,ok_front,train,16c1eaae4e74d745d0bb6426332a60653836268747082aeb5c9dd13be56517b4,0e3d0cb6b68fe336,,True,512,512
ok_front/cast_ok_0_4432.jpeg,ok_front,train,722f484ddfa17eba92496e6cd0a8f42b5a01a5655031905017687838f8f41437,b6638f96960c3916,,True,512,512
ok_front/cast_ok_0_4433.jpeg,ok_front,train,a4b7e7919b5d5b8d703972cfaa325cb436d9a8e4d5a440337f1b319785caccf2,070f0736371d3797,,True,512,512
ok_front/cast_ok_0_4437.jpeg,ok_front,val,ea8ec57946c142393ba9cb0ab8e2fd9ce934dddc47b1a88b8b72780d7079be3a,86234f96164c3992,,True,512,512
ok_front/cast_ok_0_4442.jpeg,ok_front,train,63b01283f7900d515d3bc917fba0b3c37f8eaa8902b71bea90337c00cb07905f,c4234f97160d3b9e,,True,512,512
ok_front/cast_ok_0_4450.jpeg,ok_front,train,ff6e59ebba20bfd72a24b36de07892450e8925ce5324b0e6404c2ae3ed3ec1f6,1f371d2737270f07,,True,512,512
ok_front/cast_ok_0_4496.jpeg,ok_front,train,b261b9dbf6d256ac5b4b4af50fd2c0febbe64e78fc64e41757648e74cebc45de,b1380e9696cf4307,,True,512,512
ok_front/cast_ok_0_4503.jpeg,ok_front,val,f3a42e8773f3395f107ce83727672d07ae78b84d62d0f1b3264118e0aee16eac,1e1b1d37170b0705,,True,512,512
ok_front/cast_ok_0_4561.jpeg,ok_front,test,f6dee1764c7ceec6973ab55c4f4b19ed55e81fe0aebd47e049a0639acbeebee5,0f3b0d37370d0306,,True,512,512
ok_front/cast_ok_0_4562.jpeg,ok_front,train,c5c23d5760f4f6fa6ad196de4cfabfe6e92d54d5623fd6de7348f64c28f123a0,060f1733170f178f,,True,512,512
ok_front/cast_ok_0_4579.jpeg,ok_front,train,9bd801049e000f8fed647723e6177e26b97cf0efaf601fda97472e7b2cf4932e,1f371d3737270f07,,True,512,512
ok_front/cast_ok_0_4582.jpeg,ok_front,test,e32416d5f265a7213d4bf8a5bc057b7198d3b005fd47a4183d4ab9676b134ddb,1f2b0d1313050382,,True,512,512
ok_front/cast_ok_0_4597.jpeg,ok_front,train,d7dd9b75d95a21e9510fd6b7e34ff57d551064b7676938b2caee4796e2cfd99c,72cb8fb2b20e6d17,,True,512,512
ok_front/cast_ok_0_4630.jpeg,ok_front,train,6d585bfddb0bc6d23a0a55605dc6fdf13289d9caba19b1da02b6618927509d6a,334d8e92928eec71,,True,512,512
ok_front/cast_ok_0_4639.jpeg,ok_front,test,954ee63307583a9e18dc853cbaef5cc0f954284e98903c0f6b27101e21818a0e,9461cd96b68e398f,,True,512,512
ok_front/cast_ok_0_468.jpeg,ok_front,train,e62147306db86fb0bd6660a522805326f4e3f6c932c9bc3033c8b98d8a080026,164bcf96960c3992,,True,512,512
ok_front/cast_ok_0_4691.jpeg,ok_front,train,71d7c66dc9e72db09e0066717dd713e56db4270a21d102e10f4219f44f326868,394e8707130f0f0f,,True,512,512
ok_front/cast_ok_0_4697.jpeg,ok_front,test,8f044c73629e1668e8439dc7f307abc508a4d9105185fdf2769a052f0f45e46b,b66bcf97968c6d37,,True,512,512
ok_front/cast_ok_0_4736.jpeg,ok_front,val,8dadcbd3457de9930481e907cc7d58a6a51f56f837d2710515ab5170a2729264,4f0f0f1b078b4e31,,True,512,512
ok_front/cast_ok_0_4742.jpeg,ok_front,test,8c8bfb0373917d0b2ab0363ff45bd15b46a77019d0b610004ee73e6c73bd0a14,0e170713130f0f0f,,True,512,512
ok_front/cast_ok_0_477.jpeg,ok_front,train,68026eeb42341fec161361e074792d83829af07872c9b13938559f55c4d31a40,862707931347278e,,True,512,512
ok_front/cast_ok_0_4773.jpeg,ok_front,train,68c5b41c0fd42e4db060a9df2154a330088c192bee25c707233ada6a58c6fdee,04321915958f6204,,True,512,512
ok_front/cast_ok_0_4799.jpeg,ok_front,train,ab5897ef5755b0ad0d6dfc58057970b33deb3260dd510a241ba3bb17e8196bae,92390e96968f0307,,True,512,512
ok_front/cast_ok_0_4821.jpeg,ok_front,train,43acb443fb645423f41f57b5e251cd3560855d6c43f70475f52aeb41fec45c2a,172d0e96968fcb72,,True,512,512
ok_front/cast_ok_0_4823.jpeg,ok_front,val,cdfec8c5ee2d7683f8d80cd3beb0f64c64815885605aecc8a46374b9682e5e16,07130713931f0f1f,,True,512,512
ok_front/cast_ok_0_4855.jpeg,ok_front,val,b4cb6407e764ba909fec533c5f5fcd82971edbad78cf5c40b96a3cc183fea13f,9e0f1713170f0707,,True,512,512
ok_front/cast_ok_0_4862.jpeg,ok_front,test,24616d58fad04086eb7fe4876adb91314095c41d90fc2a8fe8fc8947c2996798,b6638f96960d3b8e,,True,512,512
ok_front/cast_ok_0_4863.jpeg,ok_front,train,bf0b94cb9330b02f7b6656946582fe8306c58535e2e8bceb21f42abe92428fbc,de3b0e16974f2396,,True,512,512
ok_front/cast_ok_0_4930.jpeg,ok_front,val,cc386f9147454a3762394123e037dfc5d041fdfc82fa1657d3e4c56ef60dc40a,172d0e36978f2396,,True,512,512
ok_front/cast_ok_0_4943.jpeg,ok_front,train,8161f0a15290c5bff627a4cef225161b288aaa41d2f70085c3a9f02cdfa324e8,1f0b071313070f0f,,True,512,512
ok_front/cast_ok_0_4944.jpeg,ok_front,test,619b407e24c1ce7ee02020fd4a2f2d443b813e38502097182076f981d5d36ad1,9e3f5733174f2b07,,True,512,512
ok_front/cast_ok_0_4958.jpeg,ok_front,train,aebbdb146d6192d4e36763c548d28a97d870280eeb2652d5091b6ca517869ad6,030f1333174d3b1f,,True,512,512
ok_front/cast_ok_0_496.jpeg,ok_front,train,39f9d553faf06770f7bfc4db43871acee20d5e911ba97851de894ff97693803f,070f2737271f371f,,True,512,512
ok_front/cast_ok_0_4961.jpeg,ok_front,train,fe2bd48e2f43818eff078510e6bd74186f7e0026c6252f2768321b199600f44e,963f5733174f2307,,True,512,512
ok_front/cast_ok_0_4965.jpeg,ok_front,train,be63936f9ec55f41ce10495c9c1a030b1d7a39de3fc7cda2c690694e4e9ee16a,96638f96b2162d1f,,True,512,512
ok_front/cast_ok_0_4972.jpeg,ok_front,val,143a63b0d43f64d5956a7a373e3d1ff749a9fb5520cca2c9c732d9b92dc16de4,72c38fb6b60c2d1f,,True,512,512
ok_front/cast_ok_0_4974.jpeg,ok_front,val,c856109e41ac009048f9b41e02b109fa380bb0e12222bd4c91f17cc5555978ad,92794e96928e4107,,True,512,512
ok_front/cast_ok_0_5003.jpeg,ok_front,test,bbc10e76c86e7f5d86904d0a28f2ccd527ce9f93c0804eefa603b763597f3e2d,1749ce9696cee833,,True,512,512
ok_front/cast_ok_0_5009.jpeg,ok_front,val,e7ce1d979f2332726a37c7b2ea4477e7bf9a5d8560cf3fa7a945e50a167274e2,390e07071b0f0f0f,,True,512,512
ok_front/cast_ok_0_5045.jpeg,ok_front,train,fe4559dd82159173bba6c6e012c5cb79591b768f36e76f4448d4e7e260956fc5,1f3d0eb6968fe332,,True,512,512
ok_front/cast_ok_0_5077.jpeg,ok_front,train,5a35dfc7fa74113cc754ad96154b97a5f618ad2e27dd8ad2a812a71f5ffb9bcd,86234f96960c9944,,True,512,512
ok_front/cast_ok_0_5085.jpeg,ok_front,train,00468ed866512f9899008fd05ae75da19e9ac97932493678d732bbe201613d07,0e230f3737170f06,,True,512,512
ok_front/cast_ok_0_5137.jpeg,ok_front,train,7961298f1027dd06d29a2e5a663ebcfcee49cbf28bce3d593bef6e7786dcded7,0e070f17370f1fcf,,True,512,512
ok_front/cast_ok_0_5141.jpeg,ok_front,train,5b3adb746ff3637c8306ceac9276c6395f3dbbdd9b151a985fd27bd528554941,238d1e1f370f0f0f,,True,512,512
ok_front/cast_ok_0_5148.jpeg,ok_front,train,acf91fe69b3a31197674fa1c31932b21a4414cf3482341481724146e873bea74,132d1612978f2396,,True,512,512
ok_front/cast_ok_0_5150.jpeg,ok_front,train,240c963c4caaac36fdd5b4e1ed8d4a5bbdcce0262c10bd1cffd5cf8f188b8890,9f0f0f17170f1b8f,,True,512,512
ok_front/cast_ok_0_5173.jpeg,ok_front,val,769eeb2a4dfd8e8d2e280ceb2f33076eb891faa41ac071bb6f42e062bdb80316,ddb22716160d9bcf,,True,512,512
ok_front/cast_ok_0_5181.jpeg,ok_front,train,7444e9d080e717fa19ef4834ba69a664d10fcafa534525d46a03e7780870386e,072f4733170f1f9f,,True,512,512
ok_front/cast_ok_0_5191.jpeg,ok_front,test,c8014f8cb1c475a13d5cee1bc4f99721eebfb51ceb54b34ec24820c1d764c73d,314e8707130f0f0f,,True,512,512
ok_front/cast_ok_0_5268.jpeg,ok_front,val,004359fedfefcddf460d9b49e4660652a34c09c5ff6dbc2dc575ae026540837a,b12c0e9696cf4317,,True,512,512
ok_front/cast_ok_0_5310.jpeg,ok_front,train,bdc1150bf21d540004baa6fb180243e8a5a48a6eaecf4224525da955c10c026b,92390c16968f0b07,,True,512,512
ok_front/cast_ok_0_5326.jpeg,ok_front,train,019f23e96a4481d31e95f57e6da8641aeac297a32297de70bbc8fc8606f714e0,0f0f0f1b07070e39,,True,512,512
ok_front/cast_ok_0_5327.jpeg,ok_front,train,8ce1e3301716baeeeda326f4802f948c82535fb390931e88bdc715da5de4f47d,9b3d0e5253473396,,True,512,512
ok_front/cast_ok_0_5339.jpeg,ok_front,train,0f60249fe93a962c9dbd9f5e2480e2f12c3876ffb297f4c6d458583d4d25cf7a,9c628f96960d3b8e,,True,512,512
ok_front/cast_ok_0_5370.jpeg,ok_front,test,28a95261fe7f6893779ec7513a65e7b9fa473a052fa4f788e274f5c6ff67ff43,0713071313170f1f,,True,512,512
ok_front/cast_ok_0_5379.jpeg,ok_front,test,94916db893bf5fd367f5cc4648c40e7a46ebec3962f8c31ba4d0edd3b40ec627,060f1733170d270e,,True,512,512
ok_front/cast_ok_0_5447.jpeg,ok_front,train,e1d7d9c73c497631496fe480920640568e5ddfd020549b49734d1a335d18aa3d,16034f97160e3b9a,,True,512,512
ok_front/cast_ok_0_5465.jpeg,ok_front,val,5b21e1dbc474c7d39686506eb838787fc6175a8561464bcbf9375e5f5109278c,0f498eb6968ce133,,True,512,512
ok_front/cast_ok_0_5472.jpeg,ok_front,train,14d32e0bef34415e7410b6b6bcec138121f54c7508260ad077335ea253376758,16030f97160d3b9e,,True,512,512
ok_front/cast_ok_0_5515.jpeg,ok_front,train,cc3e0ad849344d6a2ba9fb46c77c1cd2c8c1e1ffc05e2b15c15ac93e22bceb82,b6638f96920e2d1f,,True,512,512
ok_front/cast_ok_0_5524.jpeg,ok_front,train,18cdf0dd113eb0e2756f65add76f65bea6d650385ca6b6a2612a247e00cfa126,9423cf97960e2f9f,,True,512,512
ok_front/cast_ok_0_5536.jpeg,ok_front,val,f973e65699d04a0b0be8e75bdee8e6be90ce27451dae9c297a5f50f0762ac5e1,07274f13130f3f9f,,True,512,512
ok_front/cast_ok_0_5548.jpeg,ok_front,val,0152b6d94834c7c4d60bd86231f9a8584a0d893a5527e0414f3236ff64d84ef8,8e130d1696cf63b4,,True,512,512
ok_front/cast_ok_0_5565.jpeg,ok_front,val,a464d7d2c4ac5e65552e4a8bae8257a630c4a3148236f04e1628b449455eafe1,0e438f92920e38b3,,True,512,512
ok_front/cast_ok_0_5573.jpeg,ok_front,val,dcda3ca92d861d918e3784d744462b4205889a3ea82b9b0e11768b3db8797ee8,b2c8cc9696cc698e,,True,512,512
ok_front/cast_ok_0_5576.jpeg,ok_front,train,f36aa9074553250ecae91784dee7c4e9fcd0508bb18fb6ba8c3446135e829e7b,0e0f1f3636172f27,,True,512,512
ok_front/cast_ok_0_5588.jpeg,ok_front,train,90f03ef406f64a6126c785916ad61b189a03d26fcff6b7b85b37520bc129f4f1,b2290c96974f238e,,True,512,512
ok_front/cast_ok_0_5604.jpeg,ok_front,train,b8644c08ea8d7e34a3948ac0d366d12b6d665f9c4889fda5b7ee110436c871e9,9e0f1713170f070f,,True,512,512
ok_front/cast_ok_0_5609.jpeg,ok_front,test,5caa64871b16cec5e8e14b17203275750d2ba648b46e28712becb69d2071e67b,86234f96960c3992,,True,512,512
ok_front/cast_ok_0_5625.jpeg,ok_front,train,70c32352c2542e953e7f16abb5a43cc4a3a9172f1e7d41a72137abadb4b47f22,9e1f0f13130f2307,,True,512,512
ok_front/cast_ok_0_563.jpeg,ok_front,train,1cd1da6f30e2341e6b61f86054508db338c80ac05a437e775d3a13d19b6986e8,173d0e96968f63b6,,True,512,512
ok_front/cast_ok_0_5654.jpeg,ok_front,train,adf7c6c0910304192e1ee9819b2c49e5627e4b98468e1f59c9f086eee4ed44d2,9463cf96960c399e,,True,512,512
ok_front/cast_ok_0_5680.jpeg,ok_front,train,7779d0e9d2cccfc209d5a66742ae8a3dc9daff841c18f63b77a35c0d406e7a8f,9b3d0e16164f3396,,True,512,512
ok_front/cast_ok_0_5681.jpeg,ok_front,train,9e464abf04e47c23f9c298b102893c9755ec65167d8f1f10f146622240f28269,1f2f1713134f2707,,True,512,512
ok_front/cast_ok_0_5685.jpeg,ok_front,train,e70977592bd6c0f998d63c6dd063b3b292fe914b7ad65887008bc96b9857d4d1,1f330d15130503c6,,True,512,512
ok_front/cast_ok_0_5687.jpeg,ok_front,val,2f7dc32e45a4bf6853fb360edf20560905f5812569b39858442dd7dc944e1c82,cc338f9712063d97,,True,512,512
ok_front/cast_ok_0_5691.jpeg,ok_front,train,50667f3fcee85ae283f7839720e8f32dc8930cb33a53956e58a6d301cbd6e7a5,1f0f071313071706,,True,512,512
ok_front/cast_ok_0_5728.jpeg,ok_front,val,d926e064ffa2f370c5943407e30327eb0e920dd74ccc9c1c0ebabfa3cb1d9513,17370f3737170f07,,True,512,512
ok_front/cast_ok_0_5738.jpeg,ok_front,train,e6fe0953d8c07f57756281c1a985811ff3064e41fa22ce5ac891e36a399d9297,06070713130d1f1e,,True,512,512
ok_front/cast_ok_0_5774.jpeg,ok_front,train,68d05145a9bbb0786e5a6e4b0d71f356f6a635e9ad9058dcf0e92e75fe81c62e,1e1f0d13130f0706,,True,512,512
ok_front/cast_ok_0_5812.jpeg,ok_front,train,014ee3844468b20d576b7ccd4a3ac34495b5ae8be397f6baf416f5f136566a1e,1f2d5e93134e2507,,True,512,512
ok_front/cast_ok_0_5814.jpeg,ok_front,train,1dcfe28ab3b58d804599c0c2fa66afa9811bd0160a112b1675317e299ad71846,07034f37371f0f9f,,True,512,512
ok_front/cast_ok_0_5818.jpeg,ok_front,train,daf998ab98cce88ff31826a72f998d65953c078e2fdea49c4eb54a6262edb831,0f1f0d13130f0706,,True,512,512
ok_front/cast_ok_0_583.jpeg,ok_front,train,1837e691b7ebe793284e04a399d38aeca61acf6baf510f14b97fb92f5d724298,9e3b0f16978f36cc,,True,512,512
ok_front/cast_ok_0_5852.jpeg,ok_front,train,d4d39d99275ca2410a68baccf63b27a988674848a284f91fc8bf8cef75a17aa8,8e69cc96968ce8b2,,True,512,512
ok_front/cast_ok_0_5853.jpeg,ok_front,train,40e214ad293c01ce70bb57e5293c76fbdfbc76b1416f1144a5d6ea51039a957c,9f0f1f37374d0307,,True,512,512
ok_front/cast_ok_0_5854.jpeg,ok_front,train,480288a23d474fd5511fb63305d1ba108be36d7f8dd64e95918346c701a69cde,8f371f3736070f07,,True,512,512
ok_front/cast_ok_0_586.jpeg,ok_front,val,6caac3a6e61b44fc5619bd243b89a84b6ccea093e844cf84cedc8219cd44066a,1f0f171313471317,,True,512,512
ok_front/cast_ok_0_591.jpeg,ok_front,test,ef8eefef95bcd8d33775ae62d696f9fb5de1b32f6c0356d7854a7f68c767bb79,d4390c96964f2386,,True,512,512
ok_front/cast_ok_0_5929.jpeg,ok_front,train,a579d14e1e630000c94c7530ce43a9b96ce2cc363a72d99a2bbdc7a6b6079547,07134f1733170f1f,,True,512,512
ok_front/cast_ok_0_5942.jpeg,ok_front,test,665bc4c47f8da78abc9a0c32fa45ee11d058ac0fb9dff106df74d09caa14645a,070f0f37371f379f,,True,512,512
ok_front/cast_ok_0_601.jpeg,ok_front,val,9a8e8ff4241d91095ea4c60751749c38127e0ec7b2838023994926e98a2b1ce0,cc3b0d16974f238e,,True,512,512
ok_front/cast_ok_0_6018.jpeg,ok_front,test,3585791cdacea02c312cd267bcdb30a3fcd9bad0413d3e9e34211a886ced1078,334f9796160c3992,,True,512,512
ok_front/cast_ok_0_6055.jpeg,ok_front,train,188d990a10ca1101352e4c59beb777b3b8df32faf598977551dfbeecf2dd5bc9,33e8cc9696ce4d33,,True,512,512
ok_front/cast_ok_0_6079.jpeg,ok_front,train,ad3b337f4ad6bcb143b2e265e67e2e069de2d79253ea058c41e9e66cebcd56c7,07230f13130f3f9f,,True,512,512
ok_front/cast_ok_0_6092.jpeg,ok_front,train,d14759a1a884439fa814b2d9ad87c76425f7a56fae9651eb9fcf2f4bcc2edc51,df3d0e52536733de,,True,512,512
ok_front/cast_ok_0_6119.jpeg,ok_front,train,b2220c0293e5b8e4ea4ff6e1bc5f1a17648c8ad11525bea5bf0a21b3a27a8901,87271793134f238e,,True,512,512
ok_front/cast_ok_0_6129.jpeg,ok_front,train,bcbb69cf173bfcb739daa28028706005efb851dd2424177ee56bd404181c5970,96234f97160c3bde,,True,512,512
ok_front/cast_ok_0_6134.jpeg,ok_front,val,efc9e6fe92421a7d3bf7746b1907819972ba8f27bc2a2e055e8bea559acee859,9e3f0f1313472707,,True,512,512
ok_front/cast_ok_0_6149.jpeg,ok_front,train,8d10fc940f3f3d69a926e618001188f52ebbbe70088c2cfb21933f2dcebd0170,072b4f1733572f36,,True,512,512
ok_front/cast_ok_0_6160.jpeg,ok_front,train,811d530baacf47d87550dbe7adafdd482d42bdc2a3d847836a67663963e1f4f0,06070f13130d1f8f,,True,512,512
ok_front/cast_ok_0_6189.jpeg,ok_front,val,2ed2da075df665ea13613b70fa042e70ea326406304aab99983bbe7687ac24ac,064f1733374d3b1f,,True,512,512
ok_front/cast_ok_0_623.jpeg,ok_front,train,a9612d3d6580b502ccdcecc04a10417cd82aae211aa2806972e0937314d23457,1f170f3737170f07,,True,512,512
ok_front/cast_ok_0_6235.jpeg,ok_front,train,4945f4553650eaa16b74c7db1f469ee03f6b8eeb18cb831b490a8c6796b6a665,0f0f0f1713070b0f,,True,512,512
ok_front/cast_ok_0_6236.jpeg,ok_front,train,26381fae821a3b75d4c8cce159f90581132fdbd23cc0908dcc93bd3de0919229,dc3b0d16974f2386,,True,512,512
ok_front/cast_ok_0_6239.jpeg,ok_front,train,fca46d696a2dd497bdebbe8540cbecc227a15a6e1ee12f23b1b3237424d1bace,17134713131f0f1f,,True,512,512
ok_front/cast_ok_0_6250.jpeg,ok_front,train,2afd1e94224ed9763925d11505760e991589cdeba4c2d8958e7f84c5adbfa5c3,c4390e9696cf2386,,True,512,512
ok_front/cast_ok_0_6258.jpeg,ok_front,val,057218bbab4c071d05c436439a0873d18ce45033fe0d8e875c7e86c79400b767,84321935b58f620c,,True,512,512
ok_front/cast_ok_0_6287.jpeg,ok_front,train,885b9c0b6ed52b596522f462d5b1a7ce0c78cad2e5b9c12187d8d55041aa8e51,06638f96960e39d4,,True,512,512
ok_front/cast_ok_0_6292.jpeg,ok_front,train,4e5d3668db052bde992877d68f96cce787af84c3809e8bc49bae6ec8646e3ccb,0d0f0f271f1e8d22,,True,512,512
ok_front/cast_ok_0_6295.jpeg,ok_front,train,901f2b5e424ddbd9e314428606557a45dbf065831180b5eb2902970629e76144,04321915958f6604,,True,512,512
ok_front/cast_ok_0_6306.jpeg,ok_front,train,41fc96bbae26958f88d2fef65582720c289d1efd4a84080687672aee71b90d9c,07130f1733170f9f,,True,512,512
ok_front/cast_ok_0_6329.jpeg,ok_front,train,9076896dda63917af87bd9f15e75276602fa9f4b0a8d512e3d90a8da8c436b7e,b1cc8e9296ce4d8f,,True,512,512
ok_front/cast_ok_0_6332.jpeg,ok_front,train,ad7499a13a9d22170598ab8022054f77fb002bab61268a59f5bad5d3343f114e,70cc9632368ecd17,,True,512,512
ok_front/cast_ok_0_638.jpeg,ok_front,train,d61f2a75bd14406873d0851f0fb56095eb65d645ff08b3adb02382b92b773ac0,1f3f0f1733572f27,,True,512,512
ok_front/cast_ok_0_6390.jpeg,ok_front,train,c5226dff9b278e5ac966b36df62ca5c1ad4196c75423db405261d2ecb90a2b92,26438fb5351d3384,,True,512,512
ok_front/cast_ok_0_6418.jpeg,ok_front,train,f5121bf16f998ed26aa988462c602c4ff070cd514fa9f39831ecb16a80a6699a,132f161697cf2396,,True,512,512
ok_front/cast_ok_0_6424.jpeg,ok_front,train,82082289cc2495427fcdbd9763d64434ed31b0e77bd7574d34c4fee54591ec9d,9f1f0f37374f0706,,True,512,512
ok_front/cast_ok_0_6449.jpeg,ok_front,train,986d1f3c3defc22c1d8eb92b07a15818943843f19c2e0e637d0464cfa1621662,0d1f0f1737070786,,True,512,512
ok_front/cast_ok_0_645.jpeg,ok_front,train,88b95662ee916b168aca7669b2194de29f09894eff531f00d7ca429c1588fcc2,9e3b0d96968f4bb2,,True,512,512
ok_front/cast_ok_0_6471.jpeg,ok_front,train,b39729b19f030705bbcc4818767843e270de3c514a1dba5f269ab138449c4e0e,9e3f57b3974d2307,,True,512,512
ok_front/cast_ok_0_6474.jpeg,ok_front,test,24444e2c29bb29e1aa0b77c789b07522872b7e9b446d43dc06c0a881f58e48fd,1f3f0e96968f63b6,,True,512,512
ok_front/cast_ok_0_6477.jpeg,ok_front,train,29b67d49ed006a919581757600d15488531f455bd706fe8e1507fa230fa14815,df390e161647339e,,True,512,512
ok_front/cast_ok_0_6482.jpeg,ok_front,train,c148df51d83b1e69013aa08a84f3e03fa9d678bffb8b6950b2f2721eb43837b4,9f0f1f37374f070e,,True,512,512
ok_front/cast_ok_0_6529.jpeg,ok_front,train,684cf0e9f96cd2b0966189720e397d4e8d1c5d863ee93b0d3cdf4b3ee0cd6488,72cb87b2b60e3d1f,,True,512,512
ok_front/cast_ok_0_6537.jpeg,ok_front,train,0a0a4d5c30c6bd665eca8c220cbf877279f6f0b88015455b49d2de8d50edfe67,dc3b0c16974f2386,,True,512,512
ok_front/cast_ok_0_6567.jpeg,ok_front,train,1e1f5b9319c89aef01e409bb6a4c81ea7b7d6f5de3f5269637d9c69aab900d04,0f4b8c9696cc71b6,,True,512,512
ok_front/cast_ok_0_6579.jpeg,ok_front,train,705fb0aa0e237c0d5131158c9ef063c102daa680f211e4b736ea5515977be848,0f234f17375f3f9e,,True,512,512
ok_front/cast_ok_0_661.jpeg,ok_front,train,ec9addc6dc4a49ee3b30f66f43560cb53a5aad19b790a7281ddcd25b316a996b,072f4713130f1f9f,,True,512,512
ok_front/cast_ok_0_6644.jpeg,ok_front,val,cba9bda48d0289ab72230ab7fc54bb8764323929f26d535761088f947939bd12,1f3b4d1732050386,,True,512,512
ok_front/cast_ok_0_6679.jpeg,ok_front,test,3c516ce1651783ca79d9dc6dc2d7e0dd1b3aa3d5d1e222bc48590eeef588a1a4,0e43cf96960e3892,,True,512,512
ok_front/cast_ok_0_6705.jpeg,ok_front,train,e03e771bf57fe5e69b9b34fc75a6adf2395214ec883654225a8dca1cae570fa8,9e3f0e9697cf2394,,True,512,512
ok_front/cast_ok_0_6738.jpeg,ok_front,test,06c2567bfbb5683bd77a9e78a37e5ab39b717bc6d885d53c12628e10626f3cc3,310e83071b0f0f4f,,True,512,512
ok_front/cast_ok_0_6741.jpeg,ok_front,train,003145570c882410446d2f7f66a40bb331ff86f99c356699eb3f2d1c87b355a6,0d0f0f17170f278f,,True,512,512
ok_front/cast_ok_0_6765.jpeg,ok_front,train,e44d10184f202a515df23847c91195b82f033c151dc17463f34fd319ec155446,93031532124d291f,,True,512,512
ok_front/cast_ok_0_6773.jpeg,ok_front,train,161ff400495758a5effd969134de4dcd7f0ff02290fd39da3fb10781e0b7c11e,8e234f97960c3992,,True,512,512
ok_front/cast_ok_0_6788.jpeg,ok_front,test,631934ef9482e775346597dff26c119fbcc86d2a3a78f3b5e713cf16464cb8d4,0e4d8c96b68ee832,,True,512,512
ok_front/cast_ok_0_6802.jpeg,ok_front,val,ced4034de15caf6f0a267afc76480f0136c2ae205a96eb413bba5d917b729530,8e370f17170f278c,,True,512,512
ok_front/cast_ok_0_6826.jpeg,ok_front,train,3da277965f79f44e86781af2489b7eb63423b6bf67205fbd81b9c7d4389cedcd,06070713130d1f0f,,True,512,512
ok_front/cast_ok_0_6847.jpeg,ok_front,train,c1d6e77f199c96b69c4af9eadd96388e9332c1df4d4fbacc36e6e85eda5dc067,1f3f4d3733170f86,,True,512,512
ok_front/cast_ok_0_6854.jpeg,ok_front,train,683c610619bd26bd49617c9efe0548f04f0ab39c0e8006e9df187982e1228510,0e0f1f37360f278f,,True,512,512
ok_front/cast_ok_0_6864.jpeg,ok_front,test,2992ed22469acb744899cc6de70f3f4390fa90c128a5f6881050c62228e5877e,92390e9696874b07,,True,512,512
ok_front/cast_ok_0_6869.jpeg,ok_front,test,5647476a824a978d4e86dbd06ebefb5693b67f9d52b3e1da0bf6b1165d97952b,1723cf96920e2cb1,,True,512,512
ok_front/cast_ok_0_688.jpeg,ok_front,train,cec1c422bbc19ce54ae8c977d5cc161fad20bf4c1f8cc8975d5f569f96acccec,1f171f37370f0f0f,,True,512,512
ok_front/cast_ok_0_6880.jpeg,ok_front,train,b186f82c31f98ffd02ffb89d9be011ee290150c77b9af448debc8e61ee45043a,0f0f0f1b07070e39,,True,512,512
ok_front/cast_ok_0_6881.jpeg,ok_front,test,44f4b5314ce8b54cbb1a1f7ed63bb959a35e82e7f379ec7ae4320796c7e98e13,04321915958f660c,,True,512,512
ok_front/cast_ok_0_6890.jpeg,ok_front,train,0c6aa04cfbabbaab2debafa241eac5f8030fa2a3e4bd8b9b0c24bc4aca14784e,07134f1733170f0f,,True,512,512
ok_front/cast_ok_0_6922.jpeg,ok_front,train,27b7ed729620d953556212d0e040b214eb31fe994b1ffdcce603411b7f4e7501,9f0f1733134f3b8f,,True,512,512
ok_front/cast_ok_0_694.jpeg,ok_front,train,c9812f4d0305a587d6ca54a9037df08e588adcb9b5725d4f14f5a11fe3d19429,1f0b1d37170f0704,,True,512,512
ok_front/cast_ok_0_6940.jpeg,ok_front,test,f3054b87d3178bbec0b3150e10e492411c650e209f8fb7cc57e8c35ca5045f74,238d1e1f270f0f0f,,True,512,512
ok_front/cast_ok_0_7005.jpeg,ok_front,train,f18360222006908f8b280d4da5667e975321b37ff06aba477ae1f99d6baf1054,06030f17371d0b17,,True,512,512
ok_front/cast_ok_0_7014.jpeg,ok_front,train,6ede2ecc356fb8eff8eff8014bbd6ed355a6dcaf8543158034d9b0cb4aeab6db,334b97b6960e3992,,True,512,512
ok_front/cast_ok_0_7021.jpeg,ok_front,train,7c6315b6e8193ca8939d0afdf6fbe5ec4661e370feb23e6726701a265c8e29c4,17370f3737170f07,,True,512,512
ok_front/cast_ok_0_7049.jpeg,ok_front,train,599020aa72326ee086379e6da0eb688fb064886465063e790c33cb0f68154f4e,060f0f17170f270e,,True,512,512
ok_front/cast_ok_0_7072.jpeg,ok_front,train,a27a106f8e7ed7686ca43353e33f1cd437761f1face124434f4fe5d385d15077,943b0c96968f238e,,True,512,512
ok_front/cast_ok_0_7076.jpeg,ok_front,train,9c80a7e678e682759bca3895ae5307c17746bf087bc325accf0ac19e1b704100,c433cf97160f2f97,,True,512,512
ok_front/cast_ok_0_7111.jpeg,ok_front,train,1f88868a53868db72889a9aa1c00de2f358cdcf39c3b716a2273362b4040b32c,9f1f0f37170f070e,,True,512,512
ok_front/cast_ok_0_7112.jpeg,ok_front,train,95f70877d4da6fc0285f8b2f7939d08b4c073d4e504f0cc78c69676ae00f6999,deb36753520ebdcf,,True,512,512
ok_front/cast_ok_0_7117.jpeg,ok_front,val,e6dc9afa9ed3976df9cb202a3abb9a1c7bb2ecd99efabd19bc332b06b681b207,84238f97160d3b96,,True,512,512
ok_front/cast_ok_0_7120.jpeg,ok_front,train,8ea278ee0a4f76d23c95aec8278e547840a6692314d86e456cdc2a4d9af989d6,08264f97971b9204,,True,512,512
ok_front/cast_ok_0_7151.jpeg,ok_front,train,06686d37e14900fe352b0254c74c7a842bfc687cd7ec1c06b406d88ccd7b3d1e,0d0f0f17170f278f,,True,512,512
ok_front/cast_ok_0_7156.jpeg,ok_front,train,270037a8397aa49d023570f2ff8515a9c75cdb552a2ec0fe5595d5644cbc2b70,070f1736370d3717,,True,512,512
ok_front/cast_ok_0_7157.jpeg,ok_front,train,d754877c54023fa07706441efa1e82b58fda956ae2c0a09e40a059472bdc8aa2,070f1737371f171f,,True,512,512
ok_front/cast_ok_0_7171.jpeg,ok_front,train,3b31f7957e625c7290ab22fc737c35dd6ea159a2363f323dd4fd8ae77f1b05d8,83031532164d3b1e,,True,512,512
ok_front/cast_ok_0_7194.jpeg,ok_front,train,5483abab72fcc24b7a28ba05963e094ff224927d4a52a135eb939688c4ea3e4b,0e270f1737170f06,,True,512,512
ok_front/cast_ok_0_7195.jpeg,ok_front,train,f7db574c45eee90bccbbe9cbd04c6ed5142421bc7664edfe377c063ba0a95eb5,0c070f17170f0f06,,True,512,512
ok_front/cast_ok_0_7206.jpeg,ok_front,train,3118509158d9fab582c101c247fd59b38f022ca827942e174d869df9fa06c298,07274713130f1f9f,,True,512,512
ok_front/cast_ok_0_7209.jpeg,ok_front,train,f3be831a41913d12cf28daaaace74e03019bd24777341e3b6eecc67f23964182,1f0f1b131b471307,,True,512,512
ok_front/cast_ok_0_7218.jpeg,ok_front,train,b95f609ca9f540353f87f04464c62afb943ded3c7d588c23aeb527e4b0396531,9f3f4f13134f2707,,True,512,512
ok_front/cast_ok_0_7240.jpeg,ok_front,train,91acfa6771dc2a8e0561ef2c08bca022c2d05a8672819d13eb1d6679d69f73ec,070f0f37271f178d,,True,512,512
ok_front/cast_ok_0_7256.jpeg,ok_front,val,c02fc378eec10e2ea07e3bab67fd1a27fa96b7c59e9220b3ec63b8e8abe65002,0713471313170f1f,,True,512,512
ok_front/cast_ok_0_7271.jpeg,ok_front,train,4a32c1a09300cdddb0e76595d228e8cb34e66ef3b65c20795f0d5e34daa1e465,1f0f1733174d1307,,True,512,512
ok_front/cast_ok_0_7338.jpeg,ok_front,train,b1a772e2b71f6953ed51c4ce67e2b4ccb7e6df4f607f810788cb2bd00041d33e,3279cc96968c6d17,,True,512,512
ok_front/cast_ok_0_7342.jpeg,ok_front,train,33d5cbe993e2af9c02afde4c9c7f150d0843bfe79d86b058d3f0f7da972524af,06070f37370f1b0f,,True,512,512
ok_front/cast_ok_0_7351.jpeg,ok_front,train,32f74bd808df0b9b10da73ebda36b8992be38cc59cee38ab5e01430e55bcb5b5,b2290e9696cf2386,,True,512,512
ok_front/cast_ok_0_7353.jpeg,ok_front,test,9a28d1e034ca9479293967d0e65f8e9cd584bfb118e4bf06301a742829055633,638d1e1f270f0f0f,,True,512,512
ok_front/cast_ok_0_7357.jpeg,ok_front,test,913460fd3b78eb96893eb11e26b1c6553e17a6c20a3ecea382e1ad7abb2a007c,1f0f1b131b071307,,True,512,512
ok_front/cast_ok_0_7366.jpeg,ok_front,train,9c4e780c4a0f269a31d310f69cc94d1aed8182becc0194a6f697a3d38ffe9379,06230d3633170f06,,True,512,512
ok_front/cast_ok_0_7411.jpeg,ok_front,train,bdad7ff603f8813e2aa92b62ea54bd8d9f5d50ccae0882ecb8714cbe30eede05,0e070f37371f0f9f,,True,512,512
ok_front/cast_ok_0_7419.jpeg,ok_front,train,3e0a5204749b8449d314af8fef8b2036533e4d5a9afb7495604434b6043ff4c2,32cb8796960e3b97,,True,512,512
ok_front/cast_ok_0_7432.jpeg,ok_front,train,b39c6229bf47af4d767b951de0bb0fed59fbe4278fcafbc88d4992dc140b3551,93031513170d2b1f,,True,512,512
ok_front/cast_ok_0_7445.jpeg,ok_front,test,96905b1434b1cc9be91fd6c487dd9fd6fcf0292bebe1c535e1a5b5f9cd256755,8e234b97160d3bcc,,True,512,512
ok_front/cast_ok_0_7460.jpeg,ok_front,train,84ce86098a33620feca837aac6eb2a93b8611b0e4439ae8397a1a60df5439eb5,72c88cb696cc490e,,True,512,512
ok_front/cast_ok_0_7487.jpeg,ok_front,train,5148131c37a7597cf7298768f337ffe9162708eea0017c05ba7f450d88bbff3a,b261cc9696cc4917,,True,512,512
ok_front/cast_ok_0_7511.jpeg,ok_front,train,9f9b192952adb370d95c548e1bcbfa70df88d7e67132f436b71af36ac13eb003,963b0c1697974b37,,True,512,512
ok_front/cast_ok_0_7519.jpeg,ok_front,test,1045c9e966ae5601bda60c427046f0a624111adcd9244015839d4c411bb39b69,1e0b1d37170b0705,,True,512,512
ok_front/cast_ok_0_7523.jpeg,ok_front,train,f818cae5cefc041589e4aee64f0d5b2cb60bec1cdbe1e1cbfcaf7fa944d58302,06070f13170f1f0f,,True,512,512
ok_front/cast_ok_0_7561.jpeg,ok_front,train,6866dd1506192727e046e44e9fc8fc6caedc5f08567ed4076eae56737df7e477,172b4f1733573f36,,True,512,512
ok_front/cast_ok_0_7568.jpeg,ok_front,val,6886d8a3d196cb18693d66789ae8df52f7dd00e44abfc8a5ccfa762c8ac5824f,1e1f0d1313070f06,,True,512,512
ok_front/cast_ok_0_7573.jpeg,ok_front,train,86ecf113013c693853bc8a1ddc9e2651d87ff2b24f4753e7512831dcfdd285c5,0f1b0d37370d0306,,True,512,512
ok_front/cast_ok_0_7591.jpeg,ok_front,val,dc13d5118c6d90eab8ab6413a12d6e3baa1e8f5c6fb50d7f4affe8ae95679e4b,1f2d4f13134f2503,,True,512,512
ok_front/cast_ok_0_7604.jpeg,ok_front,train,c1d2402df59ca4845aa30599beef3baee9e2979d1e96dbc19bce7e19e7d63d8d,863707931367278e,,True,512,512
ok_front/cast_ok_0_7609.jpeg,ok_front,test,0e1dbbe04f526651516376396f4442fac45b54984ec56347d26a1ac267a60f03,07030d1313170f9e,,True,512,512
ok_front/cast_ok_0_7642.jpeg,ok_front,val,b573999cbdfd4a7fb9d79e966418db8c21d23d95c71837cfb6185453ebe8b1c0,9e3b0c96968f63b6,,True,512,512
ok_front/cast_ok_0_766.jpeg,ok_front,train,48fdd79d82838c4c70c9ac18c876bb330ec9e90cbb976dc665baf3b249e38304,1e1b0f13170f0f0f,,True,512,512
ok_front/cast_ok_0_7664.jpeg,ok_front,val,7452f534c9176c559f7eb57067642af0ab316b2fec35e18f47af4b27dfe656b0,b1380e9692c74b13,,True,512,512
ok_front/cast_ok_0_7673.jpeg,ok_front,test,f4a34d2d9305829db83830d9acd86200a2f1c65c48080b2d08d1b9d8feaba354,860f1733374d1f0d,,True,512,512
ok_front/cast_ok_0_7690.jpeg,ok_front,train,8e0dc9407b2a61f168ed26a3659512cd041c97d7518538ebdfeb2fe90876dc43,b66bcd97968c6d17,,True,512,512
ok_front/cast_ok_0_7693.jpeg,ok_front,val,f51cb9850aaebf58e48025ae18d5f08ba2eb88b025b932c485cc9a7d476545a0,0f0f071313070b1b,,True,512,512
ok_front/cast_ok_0_7720.jpeg,ok_front,train,3bd7b4ec0b02d08464a037748bc1b90bcfb9ab21a35edb8d9b0762bb5ab03b92,07234f5733573f16,,True,512,512
ok_front/cast_ok_0_773.jpeg,ok_front,train,c2559cea0706fa86ab9d1b2ad634b7b23d9bf7b9bc7e55baf845ca8677b894f6,1e334d1733370f0b,,True,512,512
ok_front/cast_ok_0_7741.jpeg,ok_front,train,d0fcef341054d49e7377c33ecf224db868c4b9061815ecee924a445a05ea1bb0,040f0f17170f270c,,True,512,512
ok_front/cast_ok_0_775.jpeg,ok_front,test,af9898179ffbc73c1c8fe480408706343d4132098aacf00a4008ce8c00eb4f88,05070b17371d0b1e,,True,512,512
ok_front/cast_ok_0_776.jpeg,ok_front,train,1ea9f7e8c323d22484322b6b27447b1d9e736fe7f635295c8d1bc0a6164cebeb,70cc96b2b28ecc37,,True,512,512
ok_front/cast_ok_0_7773.jpeg,ok_front,train,92df793aad1bdf74303cc62e41dc3495dba2966099ed7405e7fc9f7f51a0e4ec,06070f13130d1f8f,,True,512,512
ok_front/cast_ok_0_7815.jpeg,ok_front,train,4661becc26ea5bef2abd9a99971016b674e777f63d111aaa41704432d26931d3,1f0f0713130f1717,,True,512,512
ok_front/cast_ok_0_7831.jpeg,ok_front,test,cc1666e2ae5d9bf096e1acd770f5b98c4dccf21e2ce43c9e746f0391b8834195,0d0f0f271f1e8d63,,True,512,512
ok_front/cast_ok_0_7836.jpeg,ok_front,train,aa16817d0f3c192dbcdbae38ca83698be779786739c7cac336214cae044f6199,df390e161647339e,,True,512,512
ok_front/cast_ok_0_7841.jpeg,ok_front,test,1e62eca513dc95fc2989dcfd5329c85cf1da8dc1a0adbb25061fc747103feb1c,96390d9696cf63b4,,True,512,512
ok_front/cast_ok_0_7872.jpeg,ok_front,test,549254fe02fc2448c3e450583ba05faea09a4b2d428a214ae82671c30f5571cf,b1cc8e9292ce4d0f,,True,512,512
ok_front/cast_ok_0_7904.jpeg,ok_front,train,22e5b623b21f26410500394f769eb0e461706987f8e17376f7c53b28b6feab72,b361cc9696ce6b8f,,True,512,512
ok_front/cast_ok_0_7939.jpeg,ok_front,train,ca17ac98a8dacfc49e30e7b5469d5b6dc738c5c6869d7f00dadd227ca4a01669,8d171f37370f0f07,,True,512,512
ok_front/cast_ok_0_8002.jpeg,ok_front,train,35d9db28483218e1fb7cc1f7997b6bfc6d787770ccd363707dc64ee3be29f622,0f070f17130f1f9e,,True,512,512
ok_front/cast_ok_0_8021.jpeg,ok_front,train,43bf97bcc9ffb6784f8b210923a13aa7dc4e20f99d116a0c2968de81677ec81c,b268cc9696cc698e,,True,512,512
ok_front/cast_ok_0_8034.jpeg,ok_front,train,f3fe97fe925483b44deb023d452732a88ea23fc82f7d19f54ddbcae8dfef6024,1f2f1e96978f6396,,True,512,512
ok_front/cast_ok_0_805.jpeg,ok_front,val,84dc585ae499adf03b9b255ac9330c077639b7b5ee24c9a3790138ecb64c187e,04070f37371d1b1e,,True,512,512
ok_front/cast_ok_0_8067.jpeg,ok_front,val,05597f01a106bc69f41bf2c820cc4a87f26d2a261744bcaaa94d889c99c2b03a,ddb36757160e39df,,True,512,512
ok_front/cast_ok_0_8076.jpeg,ok_front,train,f39b5d3e7c170907abfbb30af1734a006a229cc226fd0e7296ab4890e594ed11,92390c96974f338e,,True,512,512
ok_front/cast_ok_0_8079.jpeg,ok_front,train,832940479ec1bb569550d4bd79dc09f61a80cbe40ce5fbcc56768d258571aa3b,072b4fb7b3573f36,,True,512,512
ok_front/cast_ok_0_8088.jpeg,ok_front,train,247c930aa6b79b4dd9c199268cd63e679e0f3e935e9b2bd594e5fd4c2fa87cce,0f1f0d1733170f86,,True,512,512
ok_front/cast_ok_0_8113.jpeg,ok_front,train,a8bf8ead54d5f350873f492fdd3cfe4e445d68fd1c4ce7825662298fe80c610a,1f0f0f1313071706,,True,512,512
ok_front/cast_ok_0_8126.jpeg,ok_front,train,ff08b0fbdc1ef49af928096fda751e880f0dd8ef87cbb48946d342be914f6ad0,0f0f0f131307174e,,True,512,512
ok_front/cast_ok_0_8127.jpeg,ok_front,test,78c30ca49fe5f4bd14f7c0d93a50dc3344abb2bd076dc2fa7ed883076b4a5e24,06130713130f0f0f,,True,512,512
ok_front/cast_ok_0_8153.jpeg,ok_front,train,630cf954115e48cc4b11cab2939477de2038df0268817090f870457923bdb22a,1f2f1e9697cf6394,,True,512,512
ok_front/cast_ok_0_8166.jpeg,ok_front,train,cd2ec12cd3717bc6439abfb6ac81d66e21e8f407ef9a1dad999f169a4ad785e9,133d0e96968f63b6,,True,512,512
ok_front/cast_ok_0_8208.jpeg,ok_front,train,33ccd9c9de6be2ebd7d5616cfc8b6539c8cf13cb351ac6536b823c78faf3c156,87134713b3130f1f,,True,512,512
ok_front/cast_ok_0_821.jpeg,ok_front,train,075b4fddb69eff614e1eec8713e4ca19c242c2c1c2cc8b702d62713365634ff9,1e0b0d17170f0705,,True,512,512
ok_front/cast_ok_0_8278.jpeg,ok_front,train,b0de2eb5fb8d27c1ef39e055b081ccd80d66a9bc7deffe358595f8632ce8c34f,3278cc96928e6d07,,True,512,512
ok_front/cast_ok_0_8284.jpeg,ok_front,train,6241a6d4259dcb7feeac1cfd8e12958bb342a5d40d088ec04dc514102e05b9e4,07234d97b35f3f9e,,True,512,512
ok_front/cast_ok_0_833.jpeg,ok_front,val,376d2ad00cce6e4f067bdc5a17fce7b09cfbe70b11de3ff36b7bcd59022e8317,0d0f0f271f1e8d22,,True,512,512
ok_front/cast_ok_0_8356.jpeg,ok_front,train,f64680e058033637aa46c7e19f298491c9f531cb22deba632376732ee45aa8c4,9f0f1733134f1b8f,,True,512,512
ok_front/cast_ok_0_8375.jpeg,ok_front,train,d660518e3e8c1f0497b8c844c65d61004f6a168845f0312cc142cabbaa0e0a65,86238f97160d3b96,,True,512,512
ok_front/cast_ok_0_8388.jpeg,ok_front,train,31be023562aa23c1d2345fe6703d7119fbd4940f69550f7d0552c7943f023960,070b1537371d0b1f,,True,512,512
ok_front/cast_ok_0_8419.jpeg,ok_front,train,b94f96405e1c3d92a2573e4aea472e831c53424cc4e45666f10a669226b80f27,cc32cf97960f3f8e,,True,512,512
ok_front/cast_ok_0_8425.jpeg,ok_front,test,33057aa572c0422caf14fde36a417aa939e637d9bc09c67bf283928f991ca5aa,8e234f97960e29b2,,True,512,512
ok_front/cast_ok_0_8429.jpeg,ok_front,train,38ec1f784ccee5dd690402404fd8ed70bd5a095c684155e00d53ebb98d9124b4,cc230f97160d3b8e,,True,512,512
ok_front/cast_ok_0_8438.jpeg,ok_front,train,e9702b0fa3094c0f7e7125ab7444cf2fa4b2b1e316cab9b3ab62f719682a7480,8e1b0f17130f0fdf,,True,512,512
ok_front/cast_ok_0_8440.jpeg,ok_front,train,ff92b479f1c8c334b85f66a4a953323d6e90674ba843584112c0480648dc5070,33e88eb6368ec91f,,True,512,512
ok_front/cast_ok_0_8448.jpeg,ok_front,train,76aa1c87e0a25b601ea76cd8cbd9c9c9edfbd63a10f8fa896fe048acf53442d1,030f1733174d3b1e,,True,512,512
ok_front/cast_ok_0_8460.jpeg,ok_front,train,e74956b238819e9374fc2348ccaa42f852155492ead45e51beb6a6dc0a2117b9,0f0b0713170f0f0f,,True,512,512
ok_front/cast_ok_0_8466.jpeg,ok_front,train,23c4d8152ff24e342e2ea2f2edebffa8d03fc598cfd4ec8a634016fdee69b042,b663cd97968e6d17,,True,512,512
ok_front/cast_ok_0_8496.jpeg,ok_front,train,56c3362b0a92ec227ea43aeb9ed15c2a089830301813a6ffccc58bcbd754dbdc,cc264f97160d3b8e,,True,512,512
ok_front/cast_ok_0_850.jpeg,ok_front,train,b9a9e7b9315694517d444abb76a92736adcfcc92035b5e51be4e444db9134316,0f0f0f1b07030e39,,True,512,512
ok_front/cast_ok_0_8511.jpeg,ok_front,train,f74530e9626260d513680f841dc1c257c26b5ef6d2b377ef504d01850be7fce1,17438f93160e399a,,True,512,512
ok_front/cast_ok_0_8533.jpeg,ok_front,train,a929006698a2d869f41ba503288021bf0f0ce582cef22676ac93abe06330ca91,0623cf96921e2cb1,,True,512,512
ok_front/cast_ok_0_8540.jpeg,ok_front,test,43892bb7e233d798f61552e3aee76b2968a809b2441f326a31815cb47c578440,92390c96968f4316,,True,512,512
ok_front/cast_ok_0_8566.jpeg,ok_front,train,c4f9f1a928d5f9a59e4991795653327cba587de4ed8a24afaf0809dad6a35b48,172d0c96968fe332,,True,512,512
ok_front/cast_ok_0_8579.jpeg,ok_front,train,322fcce2bec1a148b5de9191aacef831e6599ba255d3b731840ab01c23077d43,0f1b0d36360d0306,,True,512,512
ok_front/cast_ok_0_8580.jpeg,ok_front,train,6735b0bac130dd683c009f174b0d5088faf62e54e33d3b7f218e3b9554fff96e,07274f13134f3d9f,,True,512,512
ok_front/cast_ok_0_8601.jpeg,ok_front,train,5d2a5db750894bde9a2ad492042bc50c339cf5c072327a7298363ae35a6812d8,86370f13130f278c,,True,512,512
ok_front/cast_ok_0_8616.jpeg,ok_front,train,4a374ea650404dc4846f7a833576e4896992084ad1451bb2e1abb32eef2b56bb,17170f1313170f1f,,True,512,512
ok_front/cast_ok_0_8646.jpeg,ok_front,train,b7fd419f9e86d11c8a47312a040c4e8895fb1ae2836fb44e395efc40e9b3e21f,0613071313070f1f,,True,512,512
ok_front/cast_ok_0_8664.jpeg,ok_front,test,c67c35cee7ea6374a5369fb9ea0c674a43b1ea9817114fb59bf3c1fd9f8e2bcf,86234f97160d3b9e,,True,512,512
ok_front/cast_ok_0_8691.jpeg,ok_front,train,9ba79a3ec523b79a6b31f549151600cda616fc71152ea876b65643de845bcb7b,438f1e0f370f0f0f,,True,512,512
ok_front/cast_ok_0_872.jpeg,ok_front,train,af0a41f0b724ac5bc8427f532dd758afa8fc4dd3a69b891ef208259354a2c809,1f3f0f1333572f27,,True,512,512
ok_front/cast_ok_0_8723.jpeg,ok_front,test,a0f92e3a8eeb33f6ca684e66050300031c2903c04ba7966c540f0acbbbf37cab,274f1733374d3b1f,,True,512,512
ok_front/cast_ok_0_8726.jpeg,ok_front,train,92fab026e85c24e84ef3a79f37e8fb818d820816acffa0b04783bcf3428f13ec,31e8ce96968e6d13,,True,512,512
ok_front/cast_ok_0_8738.jpeg,ok_front,train,a6ea34c8280e9e1652cca26c5006fc6cf4c2b64063f83fd929caf179c37bb9c0,0e1b0d1313070706,,True,512,512
ok_front/cast_ok_0_8745.jpeg,ok_front,train,2bce838bb92ee75932635cbf3915767fc0df40d596f27eed33130a4851dca8de,97170f37371f0f07,,True,512,512
ok_front/cast_ok_0_8751.jpeg,ok_front,test,4be35d6e2bd986158443d06f2263216ba77015c14be06d9a910d7429872c24ea,070f1f37370f3717,,True,512,512
ok_front/cast_ok_0_8762.jpeg,ok_front,train,ebc28f8d24d4f702a9b07b558edbf37213d084cf769707dc667ec72c23bc3195,0e0f1737361f2707,,True,512,512
ok_front/cast_ok_0_8776.jpeg,ok_front,test,43b9b249944124c2b010284c4b12aa869601cdb6ed622eb84864c0c855ca6bdf,04321915978f620c,,True,512,512
ok_front/cast_ok_0_8833.jpeg,ok_front,train,d7f331726036896ab2b65d38cafacc6c5fc2c89d3e386ad6784fedd88b72e59e,b663cf96160d338e,,True,512,512
ok_front/cast_ok_0_8875.jpeg,ok_front,train,43738f7315755641c08fb4e8d19dea621f8e1210e657542fab9131164527909e,8e6bcc96968ce8b2,,True,512,512
ok_front/cast_ok_0_8930.jpeg,ok_front,train,61b1a46ae617e05377d02d3e563f5fe42dfd85a764a267c67b9deefaf7f212bc,238d1e1f270f0f0d,,True,512,512
ok_front/cast_ok_0_8974.jpeg,ok_front,val,b66da1f0ed684beaa8afb9735a3724149d23646f57ef950f6f1afb8c83e9714e,1f3b0d15130503c6,,True,512,512
ok_front/cast_ok_0_8978.jpeg,ok_front,train,5ec2fb9982e82a40383be59d37994225552f26eff5ac9c3ed2bc5d0ec85d2216,06030537370d1b1f,,True,512,512
ok_front/cast_ok_0_8996.jpeg,ok_front,train,faacc5b65aefa452eb4b04588e1b0303a7264499059e9879d6309ac9e5dbe74d,0e074f37370f1f9f,,True,512,512
ok_front/cast_ok_0_9008.jpeg,ok_front,train,55b2d4f361d47e2915b280d0510dcb5636b76b0ea278cbf0db88c0b656a6f9d3,84331d35b58f6204,,True,512,512
ok_front/cast_ok_0_9026.jpeg,ok_front,val,dfe08e493369b3d6189ac3403e0712451b500c62874e6fe529275cf81ce05eb7,dc22cf97960d2f9e,,True,512,512
ok_front/cast_ok_0_904.jpeg,ok_front,val,5b9c494053f484ae41525230f43af2d43989d44ab948227102a6a549426b32cb,860f1733374d3b1f,,True,512,512
ok_front/cast_ok_0_9108.jpeg,ok_front,train,5704f4e15f1f0b88eb723ddf9105dc98251a2410a2b959cfb7272839565cec22,862f4f17170f1f1f,,True,512,512
ok_front/cast_ok_0_9112.jpeg,ok_front,train,8adfa409c9a3f843d1438b3db145f86a16ddfef1a98cc69edce85a19d9522d12,072f471313072f1f,,True,512,512
ok_front/cast_ok_0_9120.jpeg,ok_front,train,4302c8a386a797448f57391459ef0c20055cb5105cb2268a60eb6f2c0bc75f8c,dfb32756160f99cf,,True,512,512
ok_front/cast_ok_0_9135.jpeg,ok_front,test,f06d2860d2a2342915d27fe740912fe7e89c2a7237a8a339348ff4b1471bc037,172d0c96968fcb72,,True,512,512
ok_front/cast_ok_0_9136.jpeg,ok_front,val,44a60b8bbadeb4104d43cc3e6c7ab7fc63f003c9ce24bd768ac259840ada0f9e,1f1f0f1737170f86,,True,512,512
ok_front/cast_ok_0_9150.jpeg,ok_front,train,63f1c959ce5d71e9fb3a5135915c52472daffa5b622e7cf8b8694474a5cb2793,82031513170d3b0f,,True,512,512
ok_front/cast_ok_0_9173.jpeg,ok_front,val,643c39be7b886970e9a28a5ba57b5ea79f4dbbf3b57d3f9024c76c12f2797972,b6638f96b61e2d17,,True,512,512
ok_front/cast_ok_0_9191.jpeg,ok_front,train,77a8bfc52e838a25b3cde264136a00e59bba4f168350bea11420978efa5f8967,07070d1313170f9e,,True,512,512
ok_front/cast_ok_0_9192.jpeg,ok_front,val,27fe7ebb893b6aae163c766d159615ac30834c66c732cdb763e02fbd393b88c7,0617071313070f0f,,True,512,512
ok_front/cast_ok_0_9193.jpeg,ok_front,train,4fd28b726f58e5ff58fc9bf6ab53c9904b625323bb33f7d737fc566e91ddaf5e,b4638f96960c399e,,True,512,512
ok_front/cast_ok_0_9201.jpeg,ok_front,train,e4209149d74c165c50997dc18a8bc5d3e9f8c20f867c1dc973fea3ccf1475d55,963b0c16970f4306,,True,512,512
ok_front/cast_ok_0_9202.jpeg,ok_front,test,d35642f95ae49268c2a167fe3919e686f5cd3e2b485dfa7906405db48bf4e128,0f270f13130f1f9e,,True,512,512
ok_front/cast_ok_0_9216.jpeg,ok_front,train,0e207d594e22a27b85a1d36a3401472263a7d419f90b4b03c4b207851e1bd37c,92694e96928e4917,,True,512,512
ok_front/cast_ok_0_9224.jpeg,ok_front,train,aacafa613a66ed2675bb84a94596a4e9d0bf66d36f0abe5e772e794642ed2b05,9f3f4f13134f230f,,True,512,512
ok_front/cast_ok_0_9232.jpeg,ok_front,train,7b2d8c597eb49802a649bd5884871d98f663112214154788eadeadee3e5b9ff0,9f1f0f37374f070e,,True,512,512
ok_front/cast_ok_0_9235.jpeg,ok_front,test,74438c1bea45e1c1d63b09c05399f402a769721d250e20b4eab258d5708edc2d,d2390c96964f0386,,True,512,512
ok_front/cast_ok_0_9239.jpeg,ok_front,train,b3ad25733115d9944026463628a2c6509182a550f9e5a4ac649318995dcd56b3,3263cf96960c3d9f,,True,512,512
ok_front/cast_ok_0_9260.jpeg,ok_front,test,3dc39ce91267f95e495fcb092c11878acea0869f90f488ce1869f8fc8ad06eb0,060b8f96960c3992,,True,512,512
ok_front/cast_ok_0_9270.jpeg,ok_front,val,e38533ff1c061d13f4cb2e52839b825e1d83a5220d3539aef8e77c3a4d8c0423,b2290c96974f2396,,True,512,512
ok_front/cast_ok_0_9277.jpeg,ok_front,train,d609bfa2d4df7d65182f2aa123872abe599512499472aa433b4475b7013054c9,17438fb6b61e3992,,True,512,512
ok_front/cast_ok_0_93.jpeg,ok_front,val,11a8306898c82a9cc2c7b240867d4cc158c5173b1868e56e578de3de1fd07724,85070f37170f1f0d,,True,512,512
ok_front/cast_ok_0_9307.jpeg,ok_front,train,d4b72b5b07ca1d5aab1b771a0a26eae28c7751ad8b69ba3407f0fafe405cf5d2,8e2f0793134f238e,,True,512,512
ok_front/cast_ok_0_9341.jpeg,ok_front,train,028ada85b2e94520634676148f701475f4c4c8d11b3892a85f2e80ddb0f523d2,04468fb535193284,,True,512,512
ok_front/cast_ok_0_9360.jpeg,ok_front,val,1b7964034667635d915aa077e05d61fd6068cdc7b9dbe4bf178a7107fea8d164,070f0737371f371f,,True,512,512
ok_front/cast_ok_0_9366.jpeg,ok_front,train,018505d000a42842f0c770fd0256e26bdef026e2a11df3c6d4bace9975001fa2,1e1b0f93330f0f8f,,True,512,512
ok_front/cast_ok_0_9367.jpeg,ok_front,test,331209eb769151aa0bff62abf3d44dbf07ea4899d07827ea994adf80ca3a9623,07034d1733170f9e,,True,512,512
ok_front/cast_ok_0_9389.jpeg,ok_front,train,b19ec519c6973bab04105f9e99aaf62e8a95170ae4930bb3dc8e55336fbb33f8,963f0713130f2386,,True,512,512
ok_front/cast_ok_0_9393.jpeg,ok_front,train,ba5c5c96235c0eec09f4e7a65ffa5c506a8b0ec102bade21b8d8ac8261d3c60d,df0f0f17170f1fcf,,True,512,512
ok_front/cast_ok_0_9395.jpeg,ok_front,train,ae67b16074a079b5b580a13478b83e5792717d5b30b596162dc103e848173ddc,32e88e96b28e4c13,,True,512,512
ok_front/cast_ok_0_9397.jpeg,ok_front,train,4ff976d48742f94a569caad9703483ea2a899e55dcf4e61e40ef5c03fe23cc1e,cc264f97160d3b8e,,True,512,512
ok_front/cast_ok_0_9411.jpeg,ok_front,train,f6c3c2d4fafcc9282a433c4ced11267726be0a73f27cc1c66b25b989b9d59d35,cc330e1693872306,,True,512,512
ok_front/cast_ok_0_9464.jpeg,ok_front,train,cd7a03cb9d42df7ff3432a22d7982e438e74b7464023b5970135bd0217abb330,92390e96968f4317,,True,512,512
ok_front/cast_ok_0_9494.jpeg,ok_front,train,a720e650260b6d454df408bcd1163bf113513030903200a14149674d1a6db9ce,cc330e16978f2316,,True,512,512
ok_front/cast_ok_0_9516.jpeg,ok_front,test,e9b0284b7d579cb1da343e262a8999e1d4cd4d3e7baa2ec86dfe06c208c829a8,9e1f1733174d070f,,True,512,512
ok_front/cast_ok_0_9536.jpeg,ok_front,train,84314c43263fd5c198bfdb8bf0c82974ce1d96b0a0d85cfa168fbe272ee2fc2a,07034d1733130f1f,,True,512,512
ok_front/cast_ok_0_9584.jpeg,ok_front,train,415dd04a1d693f7008fc2b08f6a951d6c9c60c81ef87deda27bc4ced7a5e38a3,06070d3732150b1f,,True,512,512
ok_front/cast_ok_0_9591.jpeg,ok_front,train,46d9f6b7df635b79c543a833b23d275d02b0e17587300b2700754a13f0a9b4b6,0e1b0f9393070fcf,,True,512,512
ok_front/cast_ok_0_9634.jpeg,ok_front,val,d734ec2da92c3f02b839f6902f96b2bed7510c261ecc3341d2094af8eadd6c4b,8e234f97160d9bcc,,True,512,512
ok_front/cast_ok_0_9647.jpeg,ok_front,train,0122d1e102cfbcfea18ae5970b8cbf0dcace5af7417d5aff29bbafac073efd38,1f1f0f1713072787,,True,512,512
ok_front/cast_ok_0_9658.jpeg,ok_front,test,030bc91c650fd277565186750bb5f467bce80363a051750faa6e6734c9e750ce,070f0736371f178f,,True,512,512
ok_front/cast_ok_0_9667.jpeg,ok_front,train,dc7dbdeb1cb1655fe9530e4f0e23cc0593e59d73cceb9e16843505c1b63de0da,32e88e96928e4c33,,True,512,512
ok_front/cast_ok_0_968.jpeg,ok_front,test,1b77542b56b3c8590e526cdc216e3f7e661f857f509078faef2503eebc360c25,92390c96964f238e,,True,512,512
ok_front/cast_ok_0_9732.jpeg,ok_front,train,a51c2c238c22ae09a92304971a476bd311f7ad75d3b4f06de4db37e380a5f681,070f2736271d371e,,True,512,512
ok_front/cast_ok_0_9734.jpeg,ok_front,train,b8c80b17fc8ac6c23e1b15e1047188500b3f1c820350588d574d7599b3070663,134d8e9296cee8b3,,True,512,512
ok_front/cast_ok_0_9741.jpeg,ok_front,train,99a0e2588ccdeabf0de9712fe3612c11297d5e0f1a439a87ec942d555f32200a,b269cc9696cc4917,,True,512,512
ok_front/cast_ok_0_9771.jpeg,ok_front,train,6bbd56055637a382389846187a3975a698696384587c2dd7c173c336d8db7618,97390e96968f63dc,,True,512,512
ok_front/cast_ok_0_9791.jpeg,ok_front,train,d53217f5b9ff6c796d3e8761942be20ca1feac156fef115f87705f94a1b8dbfd,33cd8eb2b28ee873,,True,512,512
ok_front/cast_ok_0_981.jpeg,ok_front,train,bf85e970076bb24556adce7ec97303493f8609d5b1bb960a6ac7c3c5f2d3258d,90680e96968e4913,,True,512,512
ok_front/cast_ok_0_9818.jpeg,ok_front,test,2513e04f9d1155948163088cd6a5b455b437e718cceab6058bdec05f4ff2f015,0f0f0f271f1e8d23,,True,512,512
ok_front/cast_ok_0_9840.jpeg,ok_front,train,52204aecfc34ee343988febf7ab0ceb3e71941201d3ffe902e4270ea6a3e9188,b1cc8e9696cc6986,,True,512,512
ok_front/cast_ok_0_9843.jpeg,ok_front,train,8c3c243149d38c47702aa07c0bd0919e2a7d6f63a4b320c713f86673c3d59ce3,06030537370d3b0f,,True,512,512
ok_front/cast_ok_0_9850.jpeg,ok_front,train,99258d0101976680d118e94fe357acbd79cf0b354844ad7850d8d683c753a6e3,de334757120e3d9f,,True,512,512
ok_front/cast_ok_0_9959.jpeg,ok_front,train,85b9737f5597c08605909af3dfd4e33a80418965cd3f1565c1ba4c504fcb6639,9268cc96964c298e,,True,512,512
ok_front/cast_ok_0_9966.jpeg,ok_front,val,ebfa76f244c1eba2dc3b70c308098a6b1ded64ffded3bfc030aa7b1957c43451,92390c9696cf4b16,,True,512,512
ok_front/cast_ok_0_9990.jpeg,ok_front,train,5d82cc131b5315d8c58d3c944c6d00e67ef17cb6a56a780213a5f93a233b7c7c,238d1e0f170f0f0f,,True,512,512
